datetime,open,high,low,close,volume
2026-10-05T07:40:00.000000,1.5112,1.5114,1.5097,1.51,37.0
2026-10-05T07:41:00.000000,1.51,1.5110000000000001,1.5099,1.5107,23.0
2026-10-05T07:42:00.000000,1.5107,1.5114999999999998,1.5106000000000002,1.5114999999999998,15.0
2026-10-05T07:43:00.000000,1.5114999999999998,1.5118,1.5114999999999998,1.5114999999999998,5.0
2026-10-05T07:44:00.000000,1.5114999999999998,1.5118,1.5110000000000001,1.5112,10.0
2026-10-05T07:45:00.000000,1.5112,1.5114999999999998,1.5110000000000001,1.5114999999999998,7.0
2026-10-05T07:46:00.000000,1.5114999999999998,1.5114999999999998,1.5101,1.5110999999999999,28.0
2026-10-05T07:47:00.000000,1.5110999999999999,1.5114,1.5091,1.5091,36.0
2026-10-05T07:48:00.000000,1.5091,1.5091,1.508,1.5081,35.0
2026-10-05T07:49:00.000000,1.5082,1.5087000000000002,1.5072999999999999,1.5082,24.0
2026-10-05T07:50:00.000000,1.5082,1.5087000000000002,1.5074,1.5074,16.0
2026-10-05T07:51:00.000000,1.5074,1.5074999999999998,1.5061,1.5067,26.0
2026-10-05T07:52:00.000000,1.5067,1.5072999999999999,1.505,1.5072999999999999,36.0
2026-10-05T07:53:00.000000,1.5072999999999999,1.5084,1.5072999999999999,1.5081,20.0
2026-10-05T07:54:00.000000,1.5081,1.5099,1.5081,1.5099,14.0
2026-10-05T07:55:00.000000,1.5099,1.5126,1.5099,1.5107,41.0
2026-10-05T07:56:00.000000,1.5107,1.5110999999999999,1.5087000000000002,1.5097,37.0
2026-10-05T07:57:00.000000,1.5097,1.5097,1.5088,1.5091,32.0
2026-10-05T07:58:00.000000,1.5091,1.5091999999999999,1.5081,1.5081,19.0
2026-10-05T07:59:00.000000,1.5081,1.5083,1.5074999999999998,1.508,21.0
2026-10-05T08:00:00.000000,1.508,1.5086,1.5074,1.5077,41.0
2026-10-05T08:01:00.000000,1.5077,1.5083,1.5070000000000001,1.5070999999999999,23.0
2026-10-05T08:02:00.000000,1.5070999999999999,1.5070999999999999,1.5011999999999999,1.5013,93.0
2026-10-05T08:03:00.000000,1.5013,1.504,1.5,1.5039,70.0
2026-10-05T08:04:00.000000,1.5039,1.5039,1.5021,1.5021,32.0
2026-10-05T08:05:00.000000,1.5021,1.5021,1.5004,1.5004,39.0
2026-10-05T08:06:00.000000,1.5004,1.5017,1.5001,1.5011999999999999,51.0
2026-10-05T08:07:00.000000,1.5011999999999999,1.5027,1.501,1.5022,18.0
2026-10-05T08:08:00.000000,1.5022,1.5022,1.5006,1.5008,21.0
2026-10-05T08:09:00.000000,1.5008,1.5009000000000001,1.4992,1.5007000000000001,29.0
2026-10-05T08:10:00.000000,1.5007000000000001,1.5013999999999998,1.5002,1.5009000000000001,18.0
2026-10-05T08:11:00.000000,1.5009000000000001,1.5025,1.5001,1.5025,28.0
2026-10-05T08:12:00.000000,1.5025,1.5034999999999998,1.5023,1.5032,28.0
2026-10-05T08:13:00.000000,1.5032,1.5034999999999998,1.5032,1.5032,11.0
2026-10-05T08:14:00.000000,1.5032,1.5042,1.5032,1.5042,10.0
2026-10-05T08:15:00.000000,1.5042,1.5070000000000001,1.5036,1.5070000000000001,40.0
2026-10-05T08:16:00.000000,1.5070000000000001,1.5070000000000001,1.5053999999999998,1.5062,33.0
2026-10-05T08:17:00.000000,1.5062,1.5069,1.5062,1.5068000000000001,14.0
2026-10-05T08:18:00.000000,1.5068000000000001,1.5074,1.5068000000000001,1.5074,9.0
2026-10-05T08:19:00.000000,1.5074,1.5079,1.5062,1.5062,25.0
2026-10-05T08:20:00.000000,1.5062,1.5062,1.5037,1.5037,20.0
2026-10-05T08:21:00.000000,1.5037,1.5046,1.5034,1.5046,21.0
2026-10-05T08:22:00.000000,1.5046,1.5046,1.5027,1.5027,22.0
2026-10-05T08:23:00.000000,1.5027,1.5029,1.5025,1.5026000000000002,15.0
2026-10-05T08:24:00.000000,1.5026000000000002,1.5032999999999999,1.5025,1.5032999999999999,14.0
2026-10-05T08:25:00.000000,1.5032999999999999,1.5047000000000001,1.5032999999999999,1.5042,27.0
2026-10-05T08:26:00.000000,1.5042,1.5045,1.5034,1.5042,20.0
2026-10-05T08:27:00.000000,1.5042,1.5051,1.5042,1.5051,6.0
2026-10-05T08:28:00.000000,1.5051,1.5051,1.5042,1.5042,12.0
2026-10-05T08:29:00.000000,1.5042,1.5045,1.5039,1.5039,14.0
2026-10-05T08:30:00.000000,1.5039,1.5041,1.5029,1.5034999999999998,28.0
2026-10-05T08:31:00.000000,1.5034999999999998,1.5034999999999998,1.5027,1.5027,25.0
2026-10-05T08:32:00.000000,1.5027,1.5030999999999999,1.5015,1.5016,22.0
2026-10-05T08:33:00.000000,1.5016,1.5024,1.5015,1.5022,21.0
2026-10-05T08:34:00.000000,1.5022,1.5032999999999999,1.5022,1.5029,29.0
2026-10-05T08:35:00.000000,1.5029,1.5051999999999999,1.5029,1.5048,30.0
2026-10-05T08:36:00.000000,1.5048,1.5049000000000001,1.5041,1.5048,16.0
2026-10-05T08:37:00.000000,1.5045,1.5046,1.5041,1.5041,14.0
2026-10-05T08:38:00.000000,1.5041,1.5041,1.5034,1.5038,11.0
2026-10-05T08:39:00.000000,1.5038,1.5045,1.5038,1.5041,8.0
2026-10-05T08:40:00.000000,1.5041,1.5041,1.5029,1.5029,17.0
2026-10-05T08:41:00.000000,1.5029,1.5029,1.5022,1.5024,6.0
2026-10-05T08:42:00.000000,1.5024,1.5030000000000001,1.5024,1.5030000000000001,16.0
2026-10-05T08:43:00.000000,1.5030000000000001,1.5036,1.5028000000000001,1.5028000000000001,9.0
2026-10-05T08:44:00.000000,1.5028000000000001,1.5028000000000001,1.5022,1.5023,8.0
2026-10-05T08:45:00.000000,1.5023,1.5029,1.502,1.502,14.0
2026-10-05T08:46:00.000000,1.502,1.5026000000000002,1.502,1.5026000000000002,4.0
2026-10-05T08:47:00.000000,1.5026000000000002,1.5030000000000001,1.5016,1.5016,19.0
2026-10-05T08:48:00.000000,1.5016,1.5016,1.5003,1.5006,21.0
2026-10-05T08:49:00.000000,1.5006,1.5019,1.5005,1.5018,21.0
2026-10-05T08:50:00.000000,1.5018,1.5022,1.5008,1.501,35.0
2026-10-05T08:51:00.000000,1.501,1.5017,1.501,1.5013,17.0
2026-10-05T08:52:00.000000,1.5013,1.5013,1.5008,1.5011,6.0
2026-10-05T08:53:00.000000,1.5011,1.5011,1.5004,1.5005,12.0
2026-10-05T08:54:00.000000,1.5005,1.5006,1.5,1.5006,18.0
2026-10-05T08:55:00.000000,1.5006,1.5007000000000001,1.5,1.5003,16.0
2026-10-05T08:56:00.000000,1.5003,1.5011999999999999,1.5001,1.5006,17.0
2026-10-05T08:57:00.000000,1.5006,1.5011999999999999,1.5005,1.5009000000000001,9.0
2026-10-05T08:58:00.000000,1.5009000000000001,1.5011999999999999,1.5006,1.5007000000000001,8.0
2026-10-05T08:59:00.000000,1.5007000000000001,1.5013,1.5007000000000001,1.5011,7.0
2026-10-05T09:00:00.000000,1.5011,1.5011,1.4992,1.4999,30.0
2026-10-05T09:01:00.000000,1.4999,1.5008,1.4992,1.4993,23.0
2026-10-05T09:02:00.000000,1.4993,1.5011999999999999,1.4992,1.5004,33.0
2026-10-05T09:03:00.000000,1.5004,1.5023,1.5004,1.5018,42.0
2026-10-05T09:04:00.000000,1.5018,1.5032999999999999,1.5013,1.5032999999999999,33.0
2026-10-05T09:05:00.000000,1.5032999999999999,1.5038,1.5030000000000001,1.5038,17.0
2026-10-05T09:06:00.000000,1.5038,1.5051999999999999,1.5038,1.5051999999999999,15.0
2026-10-05T09:07:00.000000,1.5051999999999999,1.5065,1.5051999999999999,1.5059,33.0
2026-10-05T09:08:00.000000,1.5059,1.5062,1.5053,1.506,18.0
2026-10-05T09:09:00.000000,1.506,1.5063,1.5058,1.5059,10.0
2026-10-05T09:10:00.000000,1.5059,1.5061,1.5051,1.5051,12.0
2026-10-05T09:11:00.000000,1.5051,1.5059,1.5051,1.5055,19.0
2026-10-05T09:12:00.000000,1.5055,1.5055,1.5046,1.5048,12.0
2026-10-05T09:13:00.000000,1.5048,1.506,1.5046,1.5059,15.0
2026-10-05T09:14:00.000000,1.5059,1.5069,1.5058,1.5065,16.0
2026-10-05T09:15:00.000000,1.5065,1.5067,1.5061,1.5063,15.0
2026-10-05T09:16:00.000000,1.5063,1.5063,1.5053,1.5057,9.0
2026-10-05T09:17:00.000000,1.5057,1.5059,1.5053,1.5058,16.0
2026-10-05T09:18:00.000000,1.5058,1.5058,1.5053999999999998,1.5055,11.0
2026-10-05T09:19:00.000000,1.5055,1.5058,1.5053,1.5058,10.0
2026-10-05T09:20:00.000000,1.5058,1.5064,1.5058,1.5062,9.0
2026-10-05T09:21:00.000000,1.5062,1.5064,1.5062,1.5062,4.0
2026-10-05T09:22:00.000000,1.5062,1.5062,1.5051999999999999,1.5051999999999999,9.0
2026-10-05T09:23:00.000000,1.5051999999999999,1.5057,1.5051999999999999,1.5053999999999998,8.0
2026-10-05T09:24:00.000000,1.5053999999999998,1.5053999999999998,1.505,1.5053,6.0
2026-10-05T09:25:00.000000,1.5053,1.5059,1.5053,1.5053,10.0
2026-10-05T09:26:00.000000,1.5053,1.5053999999999998,1.5051999999999999,1.5053999999999998,8.0
2026-10-05T09:27:00.000000,1.5053999999999998,1.5053999999999998,1.5053,1.5053999999999998,3.0
2026-10-05T09:28:00.000000,1.5053999999999998,1.5058,1.5053999999999998,1.5058,6.0
2026-10-05T09:29:00.000000,1.5058,1.5068000000000001,1.5058,1.5068000000000001,10.0
2026-10-05T09:30:00.000000,1.5068000000000001,1.5093,1.5068000000000001,1.5091,30.0
2026-10-05T09:31:00.000000,1.5091,1.5114999999999998,1.509,1.5114999999999998,38.0
2026-10-05T09:32:00.000000,1.5114999999999998,1.5123,1.5110000000000001,1.5112999999999999,31.0
2026-10-05T09:33:00.000000,1.5112999999999999,1.513,1.5112999999999999,1.5126,33.0
2026-10-05T09:34:00.000000,1.5126,1.5137,1.5114999999999998,1.5117,37.0
2026-10-05T09:35:00.000000,1.5117,1.5121,1.5112,1.5114,18.0
2026-10-05T09:36:00.000000,1.5114,1.5119,1.5114,1.5114999999999998,13.0
2026-10-05T09:37:00.000000,1.5114999999999998,1.5122,1.5114999999999998,1.5117,12.0
2026-10-05T09:38:00.000000,1.5117,1.5119,1.5112,1.5119,9.0
2026-10-05T09:39:00.000000,1.5119,1.5129000000000001,1.5112999999999999,1.5125,25.0
2026-10-05T09:40:00.000000,1.5125,1.5129000000000001,1.5123,1.5129000000000001,15.0
2026-10-05T09:41:00.000000,1.5129000000000001,1.5139,1.5129000000000001,1.5139,14.0
2026-10-05T09:42:00.000000,1.5139,1.5145,1.5138,1.5145,10.0
2026-10-05T09:43:00.000000,1.5145,1.5145,1.5135,1.5141,18.0
2026-10-05T09:44:00.000000,1.5141,1.5147,1.5141,1.5142,11.0
2026-10-05T09:45:00.000000,1.5142,1.5144,1.5141,1.5142,9.0
2026-10-05T09:46:00.000000,1.5142,1.5151,1.5141,1.5150000000000001,13.0
2026-10-05T09:47:00.000000,1.5150000000000001,1.516,1.5150000000000001,1.5158,12.0
2026-10-05T09:48:00.000000,1.5158,1.5164,1.5152999999999999,1.5164,10.0
2026-10-05T09:49:00.000000,1.5164,1.517,1.5156,1.5156,22.0
2026-10-05T09:50:00.000000,1.5156,1.5159,1.5133999999999999,1.5133999999999999,22.0
2026-10-05T09:51:00.000000,1.5133999999999999,1.5137,1.5122,1.5123,22.0
2026-10-05T09:52:00.000000,1.5123,1.513,1.5114999999999998,1.5128,30.0
2026-10-05T09:53:00.000000,1.5128,1.5128,1.512,1.512,12.0
2026-10-05T09:54:00.000000,1.512,1.5138,1.512,1.5133999999999999,15.0
2026-10-05T09:55:00.000000,1.5133999999999999,1.5138,1.5122,1.5133999999999999,26.0
2026-10-05T09:56:00.000000,1.5133999999999999,1.5139,1.5129000000000001,1.5133999999999999,15.0
2026-10-05T09:57:00.000000,1.5133999999999999,1.5133999999999999,1.5129000000000001,1.5133999999999999,17.0
2026-10-05T09:58:00.000000,1.5133999999999999,1.5135,1.5128,1.5129000000000001,13.0
2026-10-05T09:59:00.000000,1.5129000000000001,1.5129000000000001,1.5118,1.5122,12.0
2026-10-05T10:00:00.000000,1.5122,1.5125,1.5118,1.5121,21.0
2026-10-05T10:01:00.000000,1.5121,1.5138,1.5118,1.5138,26.0
2026-10-05T10:02:00.000000,1.5138,1.5139,1.5122,1.5126,12.0
2026-10-05T10:03:00.000000,1.5126,1.5126,1.5109,1.5109,13.0
2026-10-05T10:04:00.000000,1.5109,1.5119,1.5109,1.5118,28.0
2026-10-05T10:05:00.000000,1.5118,1.5118,1.5110999999999999,1.5112999999999999,10.0
2026-10-05T10:06:00.000000,1.5112999999999999,1.5119,1.5112999999999999,1.5116,16.0
2026-10-05T10:07:00.000000,1.5116,1.5121,1.5114,1.5119,15.0
2026-10-05T10:08:00.000000,1.5119,1.5119,1.5110999999999999,1.5117,15.0
2026-10-05T10:09:00.000000,1.5117,1.5119,1.5112,1.5112,11.0
2026-10-05T10:10:00.000000,1.5112,1.5112,1.5099,1.5099,17.0
2026-10-05T10:11:00.000000,1.5099,1.5109,1.5097,1.5109,19.0
2026-10-05T10:12:00.000000,1.5109,1.5110000000000001,1.5102,1.5102,6.0
2026-10-05T10:13:00.000000,1.5102,1.5107,1.5095,1.5096,16.0
2026-10-05T10:14:00.000000,1.5096,1.5097,1.5085,1.5087000000000002,15.0
2026-10-05T10:15:00.000000,1.5087000000000002,1.5097,1.5087000000000002,1.5097,14.0
2026-10-05T10:16:00.000000,1.5097,1.5109,1.5095,1.5109,24.0
2026-10-05T10:17:00.000000,1.5109,1.5154999999999998,1.5109,1.5152999999999999,55.0
2026-10-05T10:18:00.000000,1.5152999999999999,1.5156,1.5142,1.5142,26.0
2026-10-05T10:19:00.000000,1.5142,1.5143,1.5137,1.5139,18.0
2026-10-05T10:20:00.000000,1.5139,1.5150000000000001,1.5133999999999999,1.5133999999999999,23.0
2026-10-05T10:21:00.000000,1.5133999999999999,1.5133999999999999,1.5124,1.5124,14.0
2026-10-05T10:22:00.000000,1.5124,1.5149,1.5124,1.5149,21.0
2026-10-05T10:23:00.000000,1.5149,1.5192,1.5149,1.5187,38.0
2026-10-05T10:24:00.000000,1.5187,1.5199,1.5177,1.5177,56.0
2026-10-05T10:25:00.000000,1.5177,1.5194,1.5175,1.5189,38.0
2026-10-05T10:26:00.000000,1.5189,1.5196,1.5184,1.5184,17.0
2026-10-05T10:27:00.000000,1.5183,1.5183,1.5175999999999998,1.5175999999999998,13.0
2026-10-05T10:28:00.000000,1.5175999999999998,1.5185,1.5175999999999998,1.5185,10.0
2026-10-05T10:29:00.000000,1.5185,1.5190000000000001,1.518,1.5187,18.0
2026-10-05T10:30:00.000000,1.5187,1.5188000000000001,1.5171999999999999,1.5171999999999999,27.0
2026-10-05T10:31:00.000000,1.5171999999999999,1.5177,1.5165,1.5171000000000001,23.0
2026-10-05T10:32:00.000000,1.5171000000000001,1.5189,1.5171000000000001,1.5189,32.0
2026-10-05T10:33:00.000000,1.5189,1.5190000000000001,1.5184,1.5190000000000001,13.0
2026-10-05T10:34:00.000000,1.5190000000000001,1.5192999999999999,1.5186,1.5192999999999999,10.0
2026-10-05T10:35:00.000000,1.5192999999999999,1.5208,1.5191,1.5208,13.0
2026-10-05T10:36:00.000000,1.5208,1.5211999999999999,1.5191,1.5202,26.0
2026-10-05T10:37:00.000000,1.5202,1.5215,1.5201,1.5215,19.0
2026-10-05T10:38:00.000000,1.5215,1.5258,1.5215,1.5258,22.0
2026-10-05T10:39:00.000000,1.5258,1.5265,1.5255,1.5261,27.0
2026-10-05T10:40:00.000000,1.5261,1.5266,1.5222,1.5226,37.0
2026-10-05T10:41:00.000000,1.5226,1.5229,1.5218,1.5218,15.0
2026-10-05T10:42:00.000000,1.5218,1.5234,1.5217,1.5228000000000002,20.0
2026-10-05T10:43:00.000000,1.5228000000000002,1.5228000000000002,1.5215,1.5218,33.0
2026-10-05T10:44:00.000000,1.5218,1.5218,1.5206,1.5208,33.0
2026-10-05T10:45:00.000000,1.5208,1.5213,1.52,1.5201,22.0
2026-10-05T10:46:00.000000,1.5201,1.5218,1.5197,1.5218,23.0
2026-10-05T10:47:00.000000,1.5218,1.5226,1.5211999999999999,1.5222,29.0
2026-10-05T10:48:00.000000,1.5222,1.5222,1.5207000000000002,1.5208,17.0
2026-10-05T10:49:00.000000,1.5208,1.5208,1.5205,1.5207000000000002,5.0
2026-10-05T10:50:00.000000,1.5207000000000002,1.5207000000000002,1.5205,1.5205,2.0
2026-10-05T10:51:00.000000,1.5205,1.5207000000000002,1.5202,1.5202,8.0
2026-10-05T10:52:00.000000,1.5202,1.5202,1.5198,1.5199,6.0
2026-10-05T10:53:00.000000,1.5199,1.5201,1.5192,1.5192,8.0
2026-10-05T10:54:00.000000,1.5192,1.5192999999999999,1.5186,1.5189,13.0
2026-10-05T10:55:00.000000,1.5189,1.5207000000000002,1.5189,1.5204,24.0
2026-10-05T10:56:00.000000,1.5204,1.5207000000000002,1.5201,1.5201,7.0
2026-10-05T10:57:00.000000,1.5201,1.5206,1.52,1.5202,12.0
2026-10-05T10:58:00.000000,1.5202,1.5211000000000001,1.5202,1.5205,14.0
2026-10-05T10:59:00.000000,1.5205,1.5219,1.5205,1.5219,9.0
2026-10-05T11:00:00.000000,1.5219,1.5219,1.5205,1.5208,12.0
2026-10-05T11:01:00.000000,1.5208,1.5218,1.5208,1.5211000000000001,11.0
2026-10-05T11:02:00.000000,1.5211000000000001,1.5221,1.5211000000000001,1.5215,13.0
2026-10-05T11:03:00.000000,1.5215,1.5217,1.5211000000000001,1.5211000000000001,7.0
2026-10-05T11:04:00.000000,1.5211000000000001,1.5213999999999999,1.5209000000000001,1.5211999999999999,12.0
2026-10-05T11:05:00.000000,1.5211999999999999,1.5215,1.5204,1.5215,19.0
2026-10-05T11:06:00.000000,1.5215,1.5215999999999998,1.5207000000000002,1.5211999999999999,17.0
2026-10-05T11:07:00.000000,1.5211999999999999,1.5211999999999999,1.5206,1.5208,7.0
2026-10-05T11:08:00.000000,1.5208,1.5208,1.5202,1.5204,8.0
2026-10-05T11:09:00.000000,1.5204,1.5211999999999999,1.52,1.5211999999999999,18.0
2026-10-05T11:10:00.000000,1.5211999999999999,1.5215,1.5206,1.5206,22.0
2026-10-05T11:11:00.000000,1.5206,1.5217,1.5206,1.5213,20.0
2026-10-05T11:12:00.000000,1.5213,1.5221,1.5213,1.5221,14.0
2026-10-05T11:13:00.000000,1.5221,1.5236,1.5221,1.5236,12.0
2026-10-05T11:14:00.000000,1.5236,1.5243,1.5236,1.5241,11.0
2026-10-05T11:15:00.000000,1.5241,1.5252,1.5234,1.5242,29.0
2026-10-05T11:16:00.000000,1.5241,1.5248,1.5237,1.5248,18.0
2026-10-05T11:17:00.000000,1.5248,1.5249000000000001,1.5245,1.5245,7.0
2026-10-05T11:18:00.000000,1.5245,1.5245,1.522,1.5223,21.0
2026-10-05T11:19:00.000000,1.5223,1.5226,1.5215999999999998,1.5219,14.0
2026-10-05T11:20:00.000000,1.5219,1.5234,1.5213999999999999,1.5213999999999999,28.0
2026-10-05T11:21:00.000000,1.5213999999999999,1.5234999999999999,1.5213999999999999,1.5232,29.0
2026-10-05T11:22:00.000000,1.5232,1.5232,1.5224,1.5224,14.0
2026-10-05T11:23:00.000000,1.5224,1.5248,1.5222,1.5239,19.0
2026-10-05T11:24:00.000000,1.5239,1.5243,1.5237,1.5237,10.0
2026-10-05T11:25:00.000000,1.5237,1.5237,1.5227,1.5227,13.0
2026-10-05T11:26:00.000000,1.5227,1.5227,1.5221,1.5221,6.0
2026-10-05T11:27:00.000000,1.5221,1.5222,1.5221,1.5222,2.0
2026-10-05T11:28:00.000000,1.5222,1.5226,1.5217,1.5217,8.0
2026-10-05T11:29:00.000000,1.5217,1.5221,1.5213999999999999,1.5221,11.0
2026-10-05T11:30:00.000000,1.5221,1.5223,1.5215,1.5215,20.0
2026-10-05T11:31:00.000000,1.5215,1.5217,1.5209000000000001,1.5211999999999999,17.0
2026-10-05T11:32:00.000000,1.5211999999999999,1.5215999999999998,1.5209000000000001,1.5213,27.0
2026-10-05T11:33:00.000000,1.5213,1.5226,1.5213,1.5226,14.0
2026-10-05T11:34:00.000000,1.5226,1.5232999999999999,1.5225,1.5227,12.0
2026-10-05T11:35:00.000000,1.5227,1.5231,1.5227,1.5227,7.0
2026-10-05T11:36:00.000000,1.5227,1.5232999999999999,1.5227,1.5231,16.0
2026-10-05T11:37:00.000000,1.5231,1.5238,1.5223,1.5223,25.0
2026-10-05T11:38:00.000000,1.5224,1.5232,1.5223,1.5227,21.0
2026-10-05T11:39:00.000000,1.5227,1.524,1.5227,1.524,10.0
2026-10-05T11:40:00.000000,1.524,1.5242,1.5232,1.5232999999999999,24.0
2026-10-05T11:41:00.000000,1.5232999999999999,1.5234999999999999,1.5229,1.5234999999999999,11.0
2026-10-05T11:42:00.000000,1.5234999999999999,1.5234999999999999,1.5229,1.5231,14.0
2026-10-05T11:43:00.000000,1.5231,1.5234,1.5227,1.5227,15.0
2026-10-05T11:44:00.000000,1.5227,1.5232,1.5227,1.5229,15.0
2026-10-05T11:45:00.000000,1.5229,1.5229,1.5221,1.5221,13.0
2026-10-05T11:46:00.000000,1.5221,1.5224,1.522,1.5224,7.0
2026-10-05T11:47:00.000000,1.5224,1.5226,1.5215999999999998,1.5215999999999998,11.0
2026-10-05T11:48:00.000000,1.5215999999999998,1.5215999999999998,1.5201,1.5201,15.0
2026-10-05T11:49:00.000000,1.5201,1.5204,1.5194999999999999,1.5204,15.0
2026-10-05T11:50:00.000000,1.5204,1.5204,1.5198,1.5199,13.0
2026-10-05T11:51:00.000000,1.5199,1.521,1.5199,1.5209000000000001,27.0
2026-10-05T11:52:00.000000,1.5209000000000001,1.5229,1.5209000000000001,1.522,36.0
2026-10-05T11:53:00.000000,1.522,1.522,1.5209000000000001,1.521,17.0
2026-10-05T11:54:00.000000,1.521,1.521,1.5194999999999999,1.5194999999999999,13.0
2026-10-05T11:55:00.000000,1.5194999999999999,1.5194999999999999,1.5184,1.5191,29.0
2026-10-05T11:56:00.000000,1.5191,1.5194,1.5186,1.5194,14.0
2026-10-05T11:57:00.000000,1.5194,1.5198,1.5189,1.5198,12.0
2026-10-05T11:58:00.000000,1.5198,1.5203,1.5198,1.5201,15.0
2026-10-05T11:59:00.000000,1.5201,1.5201,1.5194,1.52,7.0
2026-10-05T12:00:00.000000,1.52,1.5215999999999998,1.52,1.5206,22.0
2026-10-05T12:01:00.000000,1.5206,1.521,1.5206,1.521,3.0
2026-10-05T12:02:00.000000,1.521,1.5217,1.5204,1.5217,16.0
2026-10-05T12:03:00.000000,1.5217,1.522,1.5207000000000002,1.5219,23.0
2026-10-05T12:04:00.000000,1.5219,1.5219,1.5192999999999999,1.5207000000000002,37.0
2026-10-05T12:05:00.000000,1.5207000000000002,1.5219,1.5207000000000002,1.5213,20.0
2026-10-05T12:06:00.000000,1.5213,1.5213999999999999,1.5192999999999999,1.5192999999999999,23.0
2026-10-05T12:07:00.000000,1.5191,1.5192999999999999,1.5186,1.5189,25.0
2026-10-05T12:08:00.000000,1.5189,1.5199,1.5185,1.5199,23.0
2026-10-05T12:09:00.000000,1.5199,1.5201,1.5196,1.5196,9.0
2026-10-05T12:10:00.000000,1.5196,1.5202,1.5182,1.5182,19.0
2026-10-05T12:11:00.000000,1.5182,1.5188000000000001,1.5182,1.5184,15.0
2026-10-05T12:12:00.000000,1.5184,1.5187,1.5169000000000001,1.5171000000000001,17.0
2026-10-05T12:13:00.000000,1.5171000000000001,1.5188000000000001,1.5166,1.5188000000000001,18.0
2026-10-05T12:14:00.000000,1.5188000000000001,1.5188000000000001,1.517,1.5171000000000001,20.0
2026-10-05T12:15:00.000000,1.5171000000000001,1.5171000000000001,1.5137,1.5137,24.0
2026-10-05T12:16:00.000000,1.5137,1.5143,1.5125,1.5126,41.0
2026-10-05T12:17:00.000000,1.5126,1.5133,1.5114999999999998,1.5129000000000001,48.0
2026-10-05T12:18:00.000000,1.5129000000000001,1.5129000000000001,1.5105,1.5124,61.0
2026-10-05T12:19:00.000000,1.5131000000000001,1.5154,1.5131000000000001,1.5138,83.0
2026-10-05T12:20:00.000000,1.5138,1.5141,1.5125,1.5141,24.0
2026-10-05T12:21:00.000000,1.5141,1.5163,1.5141,1.5163,30.0
2026-10-05T12:22:00.000000,1.5163,1.5165,1.5152999999999999,1.5159,21.0
2026-10-05T12:23:00.000000,1.5159,1.5161,1.5145,1.5146,18.0
2026-10-05T12:24:00.000000,1.5146,1.5150000000000001,1.5138,1.5138,17.0
2026-10-05T12:25:00.000000,1.5138,1.5149,1.5138,1.5149,11.0
2026-10-05T12:26:00.000000,1.5149,1.5149,1.5139,1.5144,11.0
2026-10-05T12:27:00.000000,1.5144,1.5151,1.5143,1.5151,15.0
2026-10-05T12:28:00.000000,1.5152,1.5152,1.5149,1.5150000000000001,8.0
2026-10-05T12:29:00.000000,1.5150000000000001,1.5154999999999998,1.5150000000000001,1.5151,9.0
2026-10-05T12:30:00.000000,1.5151,1.5152999999999999,1.514,1.514,16.0
2026-10-05T12:31:00.000000,1.514,1.5149,1.5138,1.5149,10.0
2026-10-05T12:32:00.000000,1.5149,1.5149,1.5145,1.5149,6.0
2026-10-05T12:33:00.000000,1.5149,1.5154,1.5149,1.5149,10.0
2026-10-05T12:34:00.000000,1.5149,1.5150000000000001,1.5144,1.5150000000000001,14.0
2026-10-05T12:35:00.000000,1.5150000000000001,1.5162,1.5150000000000001,1.5159,16.0
2026-10-05T12:36:00.000000,1.5159,1.5163,1.5154999999999998,1.5154999999999998,18.0
2026-10-05T12:37:00.000000,1.5154999999999998,1.516,1.5150000000000001,1.516,22.0
2026-10-05T12:38:00.000000,1.516,1.5162,1.5156,1.5158,9.0
2026-10-05T12:39:00.000000,1.5158,1.5158,1.5152,1.5152,11.0
2026-10-05T12:40:00.000000,1.5152,1.5152,1.5141,1.5142,13.0
2026-10-05T12:41:00.000000,1.5142,1.5142,1.5138,1.5138,5.0
2026-10-05T12:42:00.000000,1.5138,1.5138,1.5122,1.5122,16.0
2026-10-05T12:43:00.000000,1.5122,1.5129000000000001,1.5121,1.5129000000000001,12.0
2026-10-05T12:44:00.000000,1.5126,1.5131000000000001,1.5124,1.5125,16.0
2026-10-05T12:45:00.000000,1.5125,1.5127000000000002,1.5119,1.5123,10.0
2026-10-05T12:46:00.000000,1.5123,1.5123,1.5105,1.5105,20.0
2026-10-05T12:47:00.000000,1.5105,1.5116,1.5105,1.5116,29.0
2026-10-05T12:48:00.000000,1.5116,1.512,1.5103,1.5103,21.0
2026-10-05T12:49:00.000000,1.5103,1.5112999999999999,1.5096,1.5110000000000001,24.0
2026-10-05T12:50:00.000000,1.5110999999999999,1.5118,1.5108000000000001,1.5108000000000001,16.0
2026-10-05T12:51:00.000000,1.5108000000000001,1.5119,1.5108000000000001,1.5114999999999998,14.0
2026-10-05T12:52:00.000000,1.5114999999999998,1.5123,1.5114999999999998,1.5122,15.0
2026-10-05T12:53:00.000000,1.5122,1.5123,1.512,1.512,4.0
2026-10-05T12:54:00.000000,1.512,1.512,1.5114999999999998,1.5114999999999998,9.0
2026-10-05T12:55:00.000000,1.5114999999999998,1.5116,1.5108000000000001,1.5116,13.0
2026-10-05T12:56:00.000000,1.5116,1.5121,1.5107,1.5107,10.0
2026-10-05T12:57:00.000000,1.5108000000000001,1.5117,1.5108000000000001,1.5117,12.0
2026-10-05T12:58:00.000000,1.5117,1.5117,1.5114,1.5116,5.0
2026-10-05T12:59:00.000000,1.5116,1.5116,1.5112,1.5112,4.0
2026-10-05T13:00:00.000000,1.5112,1.5112,1.5108000000000001,1.5110999999999999,7.0
2026-10-05T13:01:00.000000,1.5110999999999999,1.5126,1.5110999999999999,1.5122,16.0
2026-10-05T13:02:00.000000,1.5122,1.5122,1.5118,1.512,6.0
2026-10-05T13:03:00.000000,1.512,1.5124,1.5110000000000001,1.5110000000000001,14.0
2026-10-05T13:04:00.000000,1.5110000000000001,1.5110999999999999,1.5108000000000001,1.5110999999999999,7.0
2026-10-05T13:05:00.000000,1.5110999999999999,1.5112,1.5107,1.5109,10.0
2026-10-05T13:06:00.000000,1.5109,1.5114999999999998,1.5109,1.5114999999999998,7.0
2026-10-05T13:07:00.000000,1.5114999999999998,1.5125,1.5114999999999998,1.5125,15.0
2026-10-05T13:08:00.000000,1.5125,1.5141,1.5125,1.5141,12.0
2026-10-05T13:09:00.000000,1.5141,1.5141,1.5133999999999999,1.5135,9.0
2026-10-05T13:10:00.000000,1.5135,1.5135999999999998,1.5128,1.5131999999999999,17.0
2026-10-05T13:11:00.000000,1.5131999999999999,1.5133999999999999,1.5127000000000002,1.5133,18.0
2026-10-05T13:12:00.000000,1.5133,1.5133,1.5119,1.5119,9.0
2026-10-05T13:13:00.000000,1.5119,1.5126,1.5112,1.5126,19.0
2026-10-05T13:14:00.000000,1.5126,1.513,1.5125,1.5129000000000001,10.0
2026-10-05T13:15:00.000000,1.5129000000000001,1.513,1.5124,1.5124,9.0
2026-10-05T13:16:00.000000,1.5124,1.5124,1.5110000000000001,1.5112,16.0
2026-10-05T13:17:00.000000,1.5112,1.5126,1.5112,1.5119,16.0
2026-10-05T13:18:00.000000,1.5119,1.512,1.5110000000000001,1.5110999999999999,6.0
2026-10-05T13:19:00.000000,1.5110999999999999,1.5122,1.5110999999999999,1.5122,9.0
2026-10-05T13:20:00.000000,1.5122,1.5125,1.5117,1.5125,14.0
2026-10-05T13:21:00.000000,1.5125,1.5126,1.5122,1.5126,7.0
2026-10-05T13:22:00.000000,1.5126,1.5128,1.5124,1.5125,6.0
2026-10-05T13:23:00.000000,1.5125,1.5125,1.5116,1.5116,6.0
2026-10-05T13:24:00.000000,1.5116,1.5116,1.5112,1.5114,5.0
2026-10-05T13:25:00.000000,1.5114,1.5117,1.5110999999999999,1.5110999999999999,7.0
2026-10-05T13:26:00.000000,1.5110999999999999,1.5110999999999999,1.5106000000000002,1.5106000000000002,6.0
2026-10-05T13:27:00.000000,1.5106000000000002,1.5109,1.5104,1.5106000000000002,8.0
2026-10-05T13:28:00.000000,1.5106000000000002,1.5112,1.5106000000000002,1.5112,6.0
2026-10-05T13:29:00.000000,1.5112,1.5119,1.5112,1.5116,8.0
2026-10-05T13:30:00.000000,1.5116,1.5116,1.5108000000000001,1.5108000000000001,6.0
2026-10-05T13:31:00.000000,1.5108000000000001,1.5117,1.5103,1.5117,14.0
2026-10-05T13:32:00.000000,1.5117,1.5127000000000002,1.5117,1.5127000000000002,10.0
2026-10-05T13:33:00.000000,1.5127000000000002,1.5142,1.5127000000000002,1.5142,11.0
2026-10-05T13:34:00.000000,1.5142,1.5146,1.5138,1.5146,11.0
2026-10-05T13:35:00.000000,1.5146,1.5148000000000001,1.5139,1.5141,14.0
2026-10-05T13:36:00.000000,1.5141,1.5163,1.5141,1.5163,15.0
2026-10-05T13:37:00.000000,1.5163,1.5171000000000001,1.5162,1.5164,18.0
2026-10-05T13:38:00.000000,1.5164,1.5164,1.5154,1.516,15.0
2026-10-05T13:39:00.000000,1.516,1.516,1.5150000000000001,1.5150000000000001,13.0
2026-10-05T13:40:00.000000,1.5150000000000001,1.5161,1.5149,1.5156,19.0
2026-10-05T13:41:00.000000,1.5156,1.5156,1.514,1.5148000000000001,21.0
2026-10-05T13:42:00.000000,1.5148000000000001,1.5149,1.5141,1.5147,18.0
2026-10-05T13:43:00.000000,1.5147,1.5147,1.513,1.5133,18.0
2026-10-05T13:44:00.000000,1.5133,1.5147,1.5133,1.5147,16.0
2026-10-05T13:45:00.000000,1.5147,1.5154,1.5147,1.5154,14.0
2026-10-05T13:46:00.000000,1.5154,1.5162,1.5154,1.516,12.0
2026-10-05T13:47:00.000000,1.516,1.5169000000000001,1.5159,1.5169000000000001,25.0
2026-10-05T13:48:00.000000,1.5169000000000001,1.5177,1.5169000000000001,1.517,13.0
2026-10-05T13:49:00.000000,1.5168,1.5175999999999998,1.5168,1.5173999999999999,18.0
2026-10-05T13:50:00.000000,1.5173999999999999,1.5179,1.5173999999999999,1.5179,6.0
2026-10-05T13:51:00.000000,1.5179,1.5179,1.517,1.517,8.0
2026-10-05T13:52:00.000000,1.517,1.5173999999999999,1.5166,1.5168,8.0
2026-10-05T13:53:00.000000,1.5168,1.5178,1.5168,1.5178,11.0
2026-10-05T13:54:00.000000,1.5178,1.5194,1.5178,1.5192,19.0
2026-10-05T13:55:00.000000,1.5192,1.5192999999999999,1.5187,1.5192,14.0
2026-10-05T13:56:00.000000,1.5192,1.5192999999999999,1.5190000000000001,1.5192999999999999,9.0
2026-10-05T13:57:00.000000,1.5192999999999999,1.5192999999999999,1.5182,1.5182,10.0
2026-10-05T13:58:00.000000,1.5182,1.5189,1.5182,1.5184,13.0
2026-10-05T13:59:00.000000,1.5184,1.5187,1.5171999999999999,1.5171999999999999,10.0
2026-10-05T14:00:00.000000,1.5171999999999999,1.5173,1.5167000000000002,1.5167000000000002,11.0
2026-10-05T14:01:00.000000,1.5167000000000002,1.5167000000000002,1.5161,1.5161,10.0
2026-10-05T14:02:00.000000,1.5161,1.5166,1.5157,1.5158,16.0
2026-10-05T14:03:00.000000,1.5158,1.5166,1.5146,1.5165,15.0
2026-10-05T14:04:00.000000,1.5165,1.5175999999999998,1.5163,1.5168,19.0
2026-10-05T14:05:00.000000,1.5168,1.5175,1.5159,1.5173999999999999,26.0
2026-10-05T14:06:00.000000,1.5173999999999999,1.5175,1.5167000000000002,1.5173999999999999,13.0
2026-10-05T14:07:00.000000,1.5173999999999999,1.5175,1.5156,1.5159,19.0
2026-10-05T14:08:00.000000,1.5159,1.5168,1.5159,1.5164,19.0
2026-10-05T14:09:00.000000,1.5164,1.5166,1.5159,1.5164,12.0
2026-10-05T14:10:00.000000,1.5164,1.5175,1.5164,1.5173,10.0
2026-10-05T14:11:00.000000,1.5173,1.5175,1.5162,1.5162,10.0
2026-10-05T14:12:00.000000,1.5162,1.5175,1.5162,1.5171999999999999,16.0
2026-10-05T14:13:00.000000,1.5171999999999999,1.5175999999999998,1.5169000000000001,1.5175999999999998,13.0
2026-10-05T14:14:00.000000,1.5175999999999998,1.5175999999999998,1.517,1.5171999999999999,9.0
2026-10-05T14:15:00.000000,1.5171999999999999,1.5184,1.517,1.5183,16.0
2026-10-05T14:16:00.000000,1.5183,1.5191,1.5183,1.5191,10.0
2026-10-05T14:17:00.000000,1.5191,1.5192999999999999,1.5189,1.5192999999999999,10.0
2026-10-05T14:18:00.000000,1.5192999999999999,1.5202,1.5192999999999999,1.5202,10.0
2026-10-05T14:19:00.000000,1.5202,1.5204,1.5197,1.5203,12.0
2026-10-05T14:20:00.000000,1.5203,1.5213,1.5202,1.5203,15.0
2026-10-05T14:21:00.000000,1.5203,1.5204,1.5199,1.5199,7.0
2026-10-05T14:22:00.000000,1.5199,1.5201,1.5194999999999999,1.5199,17.0
2026-10-05T14:23:00.000000,1.5199,1.52,1.5194,1.5197,11.0
2026-10-05T14:24:00.000000,1.5197,1.5211000000000001,1.5194,1.5207000000000002,35.0
2026-10-05T14:25:00.000000,1.5207000000000002,1.5219,1.5207000000000002,1.5213,40.0
2026-10-05T14:26:00.000000,1.5211999999999999,1.5215999999999998,1.5201,1.5201,19.0
2026-10-05T14:27:00.000000,1.5201,1.5204,1.5197,1.5198,22.0
2026-10-05T14:28:00.000000,1.5198,1.5198,1.5194,1.5194,8.0
2026-10-05T14:29:00.000000,1.5194,1.5199,1.5194,1.5199,4.0
2026-10-05T14:30:00.000000,1.5199,1.5199,1.5178,1.5190000000000001,33.0
2026-10-05T14:31:00.000000,1.5190000000000001,1.5191,1.5186,1.5189,16.0
2026-10-05T14:32:00.000000,1.5189,1.5189,1.5175,1.5175,18.0
2026-10-05T14:33:00.000000,1.5175,1.5175,1.5162,1.5162,14.0
2026-10-05T14:34:00.000000,1.5162,1.5165,1.5156,1.5156,24.0
2026-10-05T14:35:00.000000,1.5156,1.5167000000000002,1.5156,1.5167000000000002,28.0
2026-10-05T14:36:00.000000,1.5167000000000002,1.5169000000000001,1.5164,1.5165,14.0
2026-10-05T14:37:00.000000,1.5165,1.5167000000000002,1.5156,1.5156,16.0
2026-10-05T14:38:00.000000,1.5156,1.5157,1.5143,1.5143,13.0
2026-10-05T14:39:00.000000,1.5143,1.5147,1.5139,1.514,12.0
2026-10-05T14:40:00.000000,1.5141,1.5144,1.5141,1.5144,10.0
2026-10-05T14:41:00.000000,1.5144,1.5150000000000001,1.5138,1.5149,16.0
2026-10-05T14:42:00.000000,1.5149,1.5154,1.5146,1.5154,18.0
2026-10-05T14:43:00.000000,1.5154,1.5154,1.5151,1.5154,5.0
2026-10-05T14:44:00.000000,1.5154,1.5154,1.5148000000000001,1.5148000000000001,5.0
2026-10-05T14:45:00.000000,1.5148000000000001,1.516,1.5148000000000001,1.516,11.0
2026-10-05T14:46:00.000000,1.5159,1.5159,1.5151,1.5159,15.0
2026-10-05T14:47:00.000000,1.5159,1.5165,1.5159,1.5165,7.0
2026-10-05T14:48:00.000000,1.5165,1.5167000000000002,1.5165,1.5167000000000002,4.0
2026-10-05T14:49:00.000000,1.5167000000000002,1.5167000000000002,1.5159,1.5164,10.0
2026-10-05T14:50:00.000000,1.5166,1.5171999999999999,1.5166,1.517,6.0
2026-10-05T14:51:00.000000,1.517,1.5175,1.517,1.517,10.0
2026-10-05T14:52:00.000000,1.517,1.517,1.5164,1.5166,7.0
2026-10-05T14:53:00.000000,1.5166,1.5173,1.5166,1.517,7.0
2026-10-05T14:54:00.000000,1.517,1.517,1.5164,1.517,12.0
2026-10-05T14:55:00.000000,1.517,1.5179,1.517,1.5179,6.0
2026-10-05T14:56:00.000000,1.5179,1.518,1.5178,1.518,3.0
2026-10-05T14:57:00.000000,1.518,1.5203,1.5177,1.5198,61.0
2026-10-05T14:58:00.000000,1.5198,1.5208,1.5188000000000001,1.5208,27.0
2026-10-05T14:59:00.000000,1.5208,1.5208,1.5204,1.5206,12.0
2026-10-05T15:00:00.000000,1.5206,1.5219,1.5190000000000001,1.5199,42.0
2026-10-05T15:01:00.000000,1.5199,1.5205,1.5198,1.5201,11.0
2026-10-05T15:02:00.000000,1.5201,1.5202,1.5190000000000001,1.5190000000000001,11.0
2026-10-05T15:03:00.000000,1.5190000000000001,1.5199,1.5184,1.5188000000000001,13.0
2026-10-05T15:04:00.000000,1.5188000000000001,1.5188000000000001,1.5177,1.5177,10.0
2026-10-05T15:05:00.000000,1.5177,1.5177,1.5171000000000001,1.5171000000000001,6.0
2026-10-05T15:06:00.000000,1.5171000000000001,1.5175999999999998,1.5166,1.5173,17.0
2026-10-05T15:07:00.000000,1.5173,1.5175999999999998,1.5171000000000001,1.5175,15.0
2026-10-05T15:08:00.000000,1.5175,1.5175,1.5159,1.5161,12.0
2026-10-05T15:09:00.000000,1.5161,1.5164,1.5159,1.5161,10.0
2026-10-05T15:10:00.000000,1.5161,1.5171999999999999,1.5161,1.517,12.0
2026-10-05T15:11:00.000000,1.517,1.5175,1.5164,1.5175,17.0
2026-10-05T15:12:00.000000,1.5175,1.5177,1.5167000000000002,1.5173,13.0
2026-10-05T15:13:00.000000,1.5173,1.5173,1.5165,1.5171999999999999,21.0
2026-10-05T15:14:00.000000,1.5171999999999999,1.5171999999999999,1.5154,1.5159,13.0
2026-10-05T15:15:00.000000,1.5159,1.5161,1.5151,1.5161,12.0
2026-10-05T15:16:00.000000,1.5158,1.5158,1.5150000000000001,1.5151,11.0
2026-10-05T15:17:00.000000,1.5151,1.5159,1.5151,1.5154999999999998,9.0
2026-10-05T15:18:00.000000,1.5154999999999998,1.5156,1.5154999999999998,1.5156,4.0
2026-10-05T15:19:00.000000,1.5156,1.5166,1.5156,1.5166,9.0
2026-10-05T15:20:00.000000,1.5166,1.5168,1.5162,1.5162,8.0
2026-10-05T15:21:00.000000,1.5162,1.5162,1.5157,1.5159,7.0
2026-10-05T15:22:00.000000,1.5159,1.5171000000000001,1.5159,1.5171000000000001,8.0
2026-10-05T15:23:00.000000,1.5171000000000001,1.5173,1.5165,1.5165,7.0
2026-10-05T15:24:00.000000,1.5165,1.5171000000000001,1.5165,1.5171000000000001,4.0
2026-10-05T15:25:00.000000,1.5171000000000001,1.5177,1.5171000000000001,1.5173999999999999,8.0
2026-10-05T15:26:00.000000,1.5173999999999999,1.5179,1.5173999999999999,1.5179,3.0
2026-10-05T15:27:00.000000,1.5179,1.5183,1.5178,1.5183,6.0
2026-10-05T15:28:00.000000,1.5183,1.5191,1.5183,1.5188000000000001,15.0
2026-10-05T15:29:00.000000,1.5188000000000001,1.5190000000000001,1.5184,1.5184,14.0
2026-10-05T15:30:00.000000,1.5184,1.5184,1.5173,1.5177,21.0
2026-10-05T15:31:00.000000,1.5177,1.5191,1.5177,1.5184,11.0
2026-10-05T15:32:00.000000,1.5184,1.5188000000000001,1.5171999999999999,1.5179,22.0
2026-10-05T15:33:00.000000,1.5179,1.5186,1.5175999999999998,1.5175999999999998,13.0
2026-10-05T15:34:00.000000,1.5175999999999998,1.518,1.5175,1.5177,14.0
2026-10-05T15:35:00.000000,1.5177,1.5184,1.5171999999999999,1.5177,16.0
2026-10-05T15:36:00.000000,1.5177,1.5177,1.5163,1.5164,9.0
2026-10-05T15:37:00.000000,1.5164,1.5164,1.5162,1.5164,6.0
2026-10-05T15:38:00.000000,1.5164,1.5164,1.5152,1.5159,16.0
2026-10-05T15:39:00.000000,1.5159,1.5159,1.5150000000000001,1.5150000000000001,7.0
2026-10-05T15:40:00.000000,1.5150000000000001,1.5154,1.5143,1.5143,22.0
2026-10-05T15:41:00.000000,1.5143,1.5146,1.514,1.5142,21.0
2026-10-05T15:42:00.000000,1.5142,1.5146,1.5141,1.5143,11.0
2026-10-05T15:43:00.000000,1.5143,1.5149,1.514,1.5149,10.0
2026-10-05T15:44:00.000000,1.5149,1.5149,1.514,1.514,7.0
2026-10-05T15:45:00.000000,1.514,1.5141,1.5121,1.5121,22.0
2026-10-05T15:46:00.000000,1.5121,1.513,1.5121,1.5128,11.0
2026-10-05T15:47:00.000000,1.5128,1.5133,1.5124,1.513,24.0
2026-10-05T15:48:00.000000,1.513,1.513,1.5123,1.5123,7.0
2026-10-05T15:49:00.000000,1.5123,1.5126,1.5123,1.5123,11.0
2026-10-05T15:50:00.000000,1.5123,1.5123,1.5114999999999998,1.5116,16.0
2026-10-05T15:51:00.000000,1.5116,1.5117,1.5112999999999999,1.5112999999999999,5.0
2026-10-05T15:52:00.000000,1.5112999999999999,1.5117,1.5110999999999999,1.5117,8.0
2026-10-05T15:53:00.000000,1.5117,1.5117,1.5105,1.5105,7.0
2026-10-05T15:54:00.000000,1.5105,1.5109,1.5102,1.5102,8.0
2026-10-05T15:55:00.000000,1.5102,1.5108000000000001,1.5102,1.5107,9.0
2026-10-05T15:56:00.000000,1.5107,1.5110999999999999,1.5107,1.5110999999999999,4.0
2026-10-05T15:57:00.000000,1.5110999999999999,1.5121,1.5110999999999999,1.5121,7.0
2026-10-05T15:58:00.000000,1.5121,1.5122,1.5119,1.5119,3.0
2026-10-05T15:59:00.000000,1.5119,1.5125,1.5119,1.5123,7.0
2026-10-05T16:00:00.000000,1.5123,1.5123,1.5116,1.5119,8.0
2026-10-05T16:01:00.000000,1.5119,1.5119,1.5114999999999998,1.5114999999999998,4.0
2026-10-05T16:02:00.000000,1.5114999999999998,1.5117,1.5112,1.5112,9.0
2026-10-05T16:03:00.000000,1.5112,1.5119,1.5110000000000001,1.5112999999999999,12.0
2026-10-05T16:04:00.000000,1.5112999999999999,1.5112999999999999,1.51,1.5108000000000001,17.0
2026-10-05T16:05:00.000000,1.5108000000000001,1.512,1.5105,1.512,17.0
2026-10-05T16:06:00.000000,1.512,1.512,1.5114,1.5114,12.0
2026-10-05T16:07:00.000000,1.5114,1.5119,1.5103,1.5105,19.0
2026-10-05T16:08:00.000000,1.5105,1.5105,1.5074999999999998,1.5078,36.0
2026-10-05T16:09:00.000000,1.5078,1.5084,1.5074999999999998,1.5084,11.0
2026-10-05T16:10:00.000000,1.5084,1.5084,1.5072999999999999,1.5081,17.0
2026-10-05T16:11:00.000000,1.5081,1.5087000000000002,1.5081,1.5084,8.0
2026-10-05T16:12:00.000000,1.5084,1.5085,1.5082,1.5084,6.0
2026-10-05T16:13:00.000000,1.5084,1.5088,1.5084,1.5088,6.0
2026-10-05T16:14:00.000000,1.5088,1.5089000000000001,1.5082,1.5082,7.0
2026-10-05T16:15:00.000000,1.5082,1.5085,1.5078,1.5085,11.0
2026-10-05T16:16:00.000000,1.5085,1.5089000000000001,1.5076,1.5078,15.0
2026-10-05T16:17:00.000000,1.5078,1.5085,1.5070000000000001,1.5085,26.0
2026-10-05T16:18:00.000000,1.5085,1.5085,1.5070000000000001,1.5070000000000001,15.0
2026-10-05T16:19:00.000000,1.5070000000000001,1.5078,1.5070000000000001,1.5078,13.0
2026-10-05T16:20:00.000000,1.5078,1.5088,1.5072999999999999,1.5085,15.0
2026-10-05T16:21:00.000000,1.5085,1.5099,1.5085,1.5099,14.0
2026-10-05T16:22:00.000000,1.5099,1.5104,1.5089000000000001,1.5091999999999999,30.0
2026-10-05T16:23:00.000000,1.5091999999999999,1.5091999999999999,1.5081,1.509,14.0
2026-10-05T16:24:00.000000,1.509,1.5097,1.509,1.5097,13.0
2026-10-05T16:25:00.000000,1.5097,1.5099,1.5093,1.5093,13.0
2026-10-05T16:26:00.000000,1.5093,1.5096,1.509,1.5093,12.0
2026-10-05T16:27:00.000000,1.5093,1.5093,1.5088,1.5091999999999999,9.0
2026-10-05T16:28:00.000000,1.5091999999999999,1.5097,1.5091999999999999,1.5093999999999999,7.0
2026-10-05T16:29:00.000000,1.5093999999999999,1.5093999999999999,1.5091,1.5091,3.0
2026-10-05T16:30:00.000000,1.5091,1.5107,1.5091,1.5107,11.0
2026-10-05T16:31:00.000000,1.5107,1.5117,1.5107,1.5117,14.0
2026-10-05T16:32:00.000000,1.5117,1.5121,1.5116,1.512,9.0
2026-10-05T16:33:00.000000,1.512,1.5135999999999998,1.512,1.5135999999999998,14.0
2026-10-05T16:34:00.000000,1.5135999999999998,1.5143,1.5135999999999998,1.5143,10.0
2026-10-05T16:35:00.000000,1.5143,1.5154999999999998,1.5139,1.5154999999999998,16.0
2026-10-05T16:36:00.000000,1.5154999999999998,1.5154999999999998,1.5144,1.5144,19.0
2026-10-05T16:37:00.000000,1.5144,1.5148000000000001,1.5133999999999999,1.514,20.0
2026-10-05T16:38:00.000000,1.514,1.5143,1.5135999999999998,1.5138,10.0
2026-10-05T16:39:00.000000,1.5138,1.5150000000000001,1.5138,1.5150000000000001,14.0
2026-10-05T16:40:00.000000,1.5150000000000001,1.5150000000000001,1.514,1.5141,9.0
2026-10-05T16:41:00.000000,1.5141,1.5145,1.5138,1.5142,12.0
2026-10-05T16:42:00.000000,1.5142,1.5143,1.5133999999999999,1.5137,12.0
2026-10-05T16:43:00.000000,1.5137,1.5137,1.513,1.513,5.0
2026-10-05T16:44:00.000000,1.513,1.513,1.5121,1.5121,8.0
2026-10-05T16:45:00.000000,1.5121,1.5121,1.5117,1.5118,5.0
2026-10-05T16:46:00.000000,1.5118,1.513,1.5118,1.5127000000000002,15.0
2026-10-05T16:47:00.000000,1.5127000000000002,1.5144,1.5127000000000002,1.5144,15.0
2026-10-05T16:48:00.000000,1.5144,1.5161,1.5144,1.5149,30.0
2026-10-05T16:49:00.000000,1.5149,1.5161,1.5148000000000001,1.5161,18.0
2026-10-05T16:50:00.000000,1.5161,1.5168,1.5152999999999999,1.516,25.0
2026-10-05T16:51:00.000000,1.516,1.5163,1.5152999999999999,1.5152999999999999,14.0
2026-10-05T16:52:00.000000,1.5152999999999999,1.5159,1.5149,1.5149,11.0
2026-10-05T16:53:00.000000,1.5149,1.5154999999999998,1.5149,1.5154,6.0
2026-10-05T16:54:00.000000,1.5154,1.5157,1.5149,1.5157,18.0
2026-10-05T16:55:00.000000,1.5157,1.5158,1.5147,1.5150000000000001,18.0
2026-10-05T16:56:00.000000,1.5150000000000001,1.5152,1.5145,1.5151,10.0
2026-10-05T16:57:00.000000,1.5151,1.5154999999999998,1.5150000000000001,1.5154999999999998,13.0
2026-10-05T16:58:00.000000,1.5154999999999998,1.5164,1.5154999999999998,1.5163,12.0
2026-10-05T16:59:00.000000,1.5163,1.5169000000000001,1.5154999999999998,1.5154999999999998,17.0
2026-10-05T17:00:00.000000,1.5154999999999998,1.5157,1.5091,1.5091,73.0
2026-10-05T17:01:00.000000,1.5088,1.5116,1.5088,1.5114,96.0
2026-10-05T17:02:00.000000,1.5114,1.5135,1.5103,1.5123,91.0
2026-10-05T17:03:00.000000,1.5123,1.5123,1.5091999999999999,1.512,59.0
2026-10-05T17:04:00.000000,1.512,1.5125,1.5107,1.5109,44.0
2026-10-05T17:05:00.000000,1.5109,1.513,1.5106000000000002,1.5125,68.0
2026-10-05T17:06:00.000000,1.5125,1.513,1.5102,1.5114,51.0
2026-10-05T17:07:00.000000,1.5114,1.5114,1.5099,1.5104,59.0
2026-10-05T17:08:00.000000,1.5104,1.5131999999999999,1.5102,1.5131000000000001,54.0
2026-10-05T17:09:00.000000,1.5131000000000001,1.5131000000000001,1.5110999999999999,1.5119,44.0
2026-10-05T17:10:00.000000,1.5119,1.5121,1.5093,1.5096,43.0
2026-10-05T17:11:00.000000,1.5095,1.5107,1.5087000000000002,1.5107,46.0
2026-10-05T17:12:00.000000,1.5107,1.5118,1.51,1.5117,40.0
2026-10-05T17:13:00.000000,1.5117,1.5119,1.5099,1.5112999999999999,35.0
2026-10-05T17:14:00.000000,1.5112999999999999,1.5124,1.5112999999999999,1.5118,35.0
2026-10-05T17:15:00.000000,1.5118,1.5123,1.51,1.51,68.0
2026-10-05T17:16:00.000000,1.5098,1.5122,1.5087000000000002,1.5117,78.0
2026-10-05T17:17:00.000000,1.5117,1.5163,1.5116,1.5162,98.0
2026-10-05T17:18:00.000000,1.5162,1.5171999999999999,1.514,1.5152999999999999,66.0
2026-10-05T17:19:00.000000,1.5152999999999999,1.5167000000000002,1.5150000000000001,1.5152999999999999,61.0
2026-10-05T17:20:00.000000,1.5152999999999999,1.5171000000000001,1.5151,1.517,60.0
2026-10-05T17:21:00.000000,1.517,1.5178,1.5166,1.5169000000000001,71.0
2026-10-05T17:22:00.000000,1.5169000000000001,1.5171999999999999,1.5147,1.5148000000000001,52.0
2026-10-05T17:23:00.000000,1.5148000000000001,1.5154999999999998,1.5135,1.5135,47.0
2026-10-05T17:24:00.000000,1.5135,1.5144,1.5133,1.5138,46.0
2026-10-05T17:25:00.000000,1.5138,1.5148000000000001,1.513,1.5146,28.0
2026-10-05T17:26:00.000000,1.5146,1.5154999999999998,1.5142,1.5154,30.0
2026-10-05T17:27:00.000000,1.5154,1.5165,1.5152,1.5165,24.0
2026-10-05T17:28:00.000000,1.5165,1.5167000000000002,1.5152,1.5152,17.0
2026-10-05T17:29:00.000000,1.5152,1.5164,1.5148000000000001,1.5154999999999998,20.0
2026-10-05T17:30:00.000000,1.5154999999999998,1.5157,1.5117,1.5121,54.0
2026-10-05T17:31:00.000000,1.5121,1.5152999999999999,1.5121,1.5146,73.0
2026-10-05T17:32:00.000000,1.5146,1.5166,1.5145,1.5159,54.0
2026-10-05T17:33:00.000000,1.5159,1.516,1.5133999999999999,1.5139,55.0
2026-10-05T17:34:00.000000,1.5139,1.5159,1.5138,1.5144,52.0
2026-10-05T17:35:00.000000,1.5144,1.5154999999999998,1.5138,1.5151,38.0
2026-10-05T17:36:00.000000,1.5151,1.517,1.5151,1.5165,28.0
2026-10-05T17:37:00.000000,1.5165,1.5196,1.5165,1.5194999999999999,69.0
2026-10-05T17:38:00.000000,1.5194999999999999,1.5205,1.518,1.5203,83.0
2026-10-05T17:39:00.000000,1.5204,1.5207000000000002,1.5177,1.5185,95.0
2026-10-05T17:40:00.000000,1.5185,1.5198,1.5177,1.5179,52.0
2026-10-05T17:41:00.000000,1.5179,1.5199,1.5171000000000001,1.5192999999999999,36.0
2026-10-05T17:42:00.000000,1.5192999999999999,1.5199,1.5187,1.5188000000000001,17.0
2026-10-05T17:43:00.000000,1.5188000000000001,1.5196,1.5188000000000001,1.5196,7.0
2026-10-05T17:44:00.000000,1.5196,1.5206,1.5196,1.52,12.0
2026-10-05T17:45:00.000000,1.52,1.5205,1.5194999999999999,1.5204,12.0
2026-10-05T17:46:00.000000,1.5204,1.5217,1.52,1.5211000000000001,20.0
2026-10-05T17:47:00.000000,1.5211000000000001,1.5215,1.5194,1.5198,36.0
2026-10-05T17:48:00.000000,1.5198,1.5199,1.5159,1.5159,40.0
2026-10-05T17:49:00.000000,1.5159,1.5159,1.5129000000000001,1.5152,55.0
2026-10-05T17:50:00.000000,1.5152,1.5159,1.5138,1.5139,51.0
2026-10-05T17:51:00.000000,1.5138,1.5148000000000001,1.5129000000000001,1.5144,41.0
2026-10-05T17:52:00.000000,1.5144,1.5158,1.5143,1.5148000000000001,40.0
2026-10-05T17:53:00.000000,1.5148000000000001,1.5157,1.5139,1.5143,30.0
2026-10-05T17:54:00.000000,1.5143,1.5151,1.5142,1.5151,9.0
2026-10-05T17:55:00.000000,1.5151,1.5154999999999998,1.514,1.5152999999999999,34.0
2026-10-05T17:56:00.000000,1.5152999999999999,1.5157,1.5147,1.5147,18.0
2026-10-05T17:57:00.000000,1.5147,1.5147,1.513,1.5133999999999999,21.0
2026-10-05T17:58:00.000000,1.5133999999999999,1.5133999999999999,1.5107,1.5109,33.0
2026-10-05T17:59:00.000000,1.5109,1.5119,1.5109,1.5110000000000001,30.0
2026-10-05T18:00:00.000000,1.5110000000000001,1.5110000000000001,1.5084,1.509,86.0
2026-10-05T18:01:00.000000,1.5087000000000002,1.5105,1.5068000000000001,1.5105,75.0
2026-10-05T18:02:00.000000,1.5105,1.5105,1.5039,1.504,68.0
2026-10-05T18:03:00.000000,1.504,1.5046,1.5013,1.5013999999999998,92.0
2026-10-05T18:04:00.000000,1.5013999999999998,1.5016,1.4995,1.5013,92.0
2026-10-05T18:05:00.000000,1.5013,1.504,1.5009000000000001,1.5024,79.0
2026-10-05T18:06:00.000000,1.5024,1.5034,1.5011999999999999,1.5017,51.0
2026-10-05T18:07:00.000000,1.5017,1.5056,1.5017,1.5042,62.0
2026-10-05T18:08:00.000000,1.5043,1.5047000000000001,1.5032999999999999,1.5038,31.0
2026-10-05T18:09:00.000000,1.5038,1.5038,1.5011999999999999,1.5011999999999999,38.0
2026-10-05T18:10:00.000000,1.5011999999999999,1.5013,1.499,1.4999,38.0
2026-10-05T18:11:00.000000,1.4999,1.5043,1.4999,1.5042,42.0
2026-10-05T18:12:00.000000,1.5042,1.5045,1.5030999999999999,1.5041,34.0
2026-10-05T18:13:00.000000,1.5041,1.5051,1.5038,1.5046,19.0
2026-10-05T18:14:00.000000,1.5046,1.5053,1.5037,1.5037,27.0
2026-10-05T18:15:00.000000,1.5037,1.5038,1.5001,1.5007000000000001,54.0
2026-10-05T18:16:00.000000,1.5007000000000001,1.5007000000000001,1.4992,1.4995,57.0
2026-10-05T18:17:00.000000,1.4995,1.502,1.4990999999999999,1.5018,37.0
2026-10-05T18:18:00.000000,1.5018,1.5034999999999998,1.5003,1.5011,55.0
2026-10-05T18:19:00.000000,1.5011,1.5038,1.5011,1.5038,38.0
2026-10-05T18:20:00.000000,1.5038,1.5038,1.5026000000000002,1.5032,31.0
2026-10-05T18:21:00.000000,1.5032,1.5032,1.5013999999999998,1.5013999999999998,40.0
2026-10-05T18:22:00.000000,1.5013999999999998,1.5013999999999998,1.4986,1.4996,52.0
2026-10-05T18:23:00.000000,1.4996,1.5004,1.4992,1.4994,45.0
2026-10-05T18:24:00.000000,1.4994,1.4994,1.4958,1.4978,59.0
2026-10-05T18:25:00.000000,1.4978,1.4979,1.4967,1.4973,33.0
2026-10-05T18:26:00.000000,1.4973,1.4978,1.4953,1.4959,64.0
2026-10-05T18:27:00.000000,1.496,1.4977,1.4956,1.4977,29.0
2026-10-05T18:28:00.000000,1.4977,1.4990999999999999,1.4975,1.498,26.0
2026-10-05T18:29:00.000000,1.498,1.499,1.4975,1.499,17.0
2026-10-05T18:30:00.000000,1.499,1.5002,1.4988000000000001,1.499,31.0
2026-10-05T18:31:00.000000,1.499,1.4993,1.4975,1.4993,31.0
2026-10-05T18:32:00.000000,1.4993,1.5001,1.4976,1.5,59.0
2026-10-05T18:33:00.000000,1.5,1.5025,1.4994,1.5025,38.0
2026-10-05T18:34:00.000000,1.5025,1.5028000000000001,1.5015,1.5024,27.0
2026-10-05T18:35:00.000000,1.5024,1.5024,1.5011999999999999,1.5013,36.0
2026-10-05T18:36:00.000000,1.5013,1.5021,1.5005,1.5007000000000001,43.0
2026-10-05T18:37:00.000000,1.5008,1.5021,1.5001,1.5018,29.0
2026-10-05T18:38:00.000000,1.5018,1.5021,1.501,1.501,24.0
2026-10-05T18:39:00.000000,1.501,1.5025,1.5007000000000001,1.5007000000000001,23.0
2026-10-05T18:40:00.000000,1.5007000000000001,1.5023,1.5001,1.5023,40.0
2026-10-05T18:41:00.000000,1.5023,1.5023,1.5008,1.5008,15.0
2026-10-05T18:42:00.000000,1.5008,1.5021,1.5005,1.5018,20.0
2026-10-05T18:43:00.000000,1.5018,1.5019,1.5016,1.5017,10.0
2026-10-05T18:44:00.000000,1.5018,1.5023,1.5011,1.5011,26.0
2026-10-05T18:45:00.000000,1.5011,1.5017,1.5008,1.5011,34.0
2026-10-05T18:46:00.000000,1.5011,1.5016,1.5004,1.5016,22.0
2026-10-05T18:47:00.000000,1.5016,1.5021,1.5001,1.5002,44.0
2026-10-05T18:48:00.000000,1.5002,1.5009000000000001,1.4999,1.5003,25.0
2026-10-05T18:49:00.000000,1.5003,1.501,1.5001,1.501,22.0
2026-10-05T18:50:00.000000,1.501,1.5011,1.5002,1.5007000000000001,18.0
2026-10-05T18:51:00.000000,1.5007000000000001,1.501,1.4992,1.4992,23.0
2026-10-05T18:52:00.000000,1.4992,1.4992,1.4976,1.4983,27.0
2026-10-05T18:53:00.000000,1.4983,1.4996,1.4982,1.4988000000000001,30.0
2026-10-05T18:54:00.000000,1.4988000000000001,1.5004,1.4988000000000001,1.4999,28.0
2026-10-05T18:55:00.000000,1.4999,1.5004,1.4992,1.5001,22.0
2026-10-05T18:56:00.000000,1.5001,1.5007000000000001,1.4988000000000001,1.4988000000000001,43.0
2026-10-05T18:57:00.000000,1.4988000000000001,1.499,1.4983,1.4984,18.0
2026-10-05T18:58:00.000000,1.4984,1.4990999999999999,1.4981,1.4982,24.0
2026-10-05T18:59:00.000000,1.4982,1.4998,1.4982,1.4992,20.0
2026-10-05T19:00:00.000000,1.4992,1.5005,1.4989,1.4989,32.0
2026-10-05T19:01:00.000000,1.4989,1.4993,1.4979,1.4981,29.0
2026-10-05T19:02:00.000000,1.4981,1.4983,1.4953,1.4959,46.0
2026-10-05T19:03:00.000000,1.4958,1.496,1.4897,1.4903,98.0
2026-10-05T19:04:00.000000,1.4903,1.4926,1.4903,1.4913,62.0
2026-10-05T19:05:00.000000,1.4913,1.4943,1.4909,1.494,66.0
2026-10-05T19:06:00.000000,1.4941,1.4949,1.4925,1.4949,40.0
2026-10-05T19:07:00.000000,1.4949,1.4952,1.4937,1.4937,29.0
2026-10-05T19:08:00.000000,1.4935,1.4973,1.4935,1.4973,34.0
2026-10-05T19:09:00.000000,1.4973,1.4976,1.4958,1.4958,27.0
2026-10-05T19:10:00.000000,1.4958,1.4959,1.4913,1.4932,68.0
2026-10-05T19:11:00.000000,1.4933,1.4959,1.4927000000000001,1.4958,45.0
2026-10-05T19:12:00.000000,1.4958,1.4961,1.494,1.4942,50.0
2026-10-05T19:13:00.000000,1.4942,1.4958,1.494,1.4956,37.0
2026-10-05T19:14:00.000000,1.4956,1.4956,1.494,1.495,25.0
2026-10-05T19:15:00.000000,1.495,1.4961,1.4946,1.4955,55.0
2026-10-05T19:16:00.000000,1.4955,1.4956,1.4942,1.4948000000000001,30.0
2026-10-05T19:17:00.000000,1.4948000000000001,1.4953,1.4945,1.4947,31.0
2026-10-05T19:18:00.000000,1.4947,1.4952,1.4936,1.4936,27.0
2026-10-05T19:19:00.000000,1.4936,1.4939,1.4922,1.4936,34.0
2026-10-05T19:20:00.000000,1.4936,1.4936,1.492,1.4921,29.0
2026-10-05T19:21:00.000000,1.4922,1.4927000000000001,1.4914,1.4924,26.0
2026-10-05T19:22:00.000000,1.4924,1.4933,1.4922,1.4928,38.0
2026-10-05T19:23:00.000000,1.4929000000000001,1.4932,1.4912,1.4922,33.0
2026-10-05T19:24:00.000000,1.4922,1.4937,1.4922,1.4937,35.0
2026-10-05T19:25:00.000000,1.4937,1.4937,1.4917,1.4918,29.0
2026-10-05T19:26:00.000000,1.4918,1.4926,1.4914,1.4921,32.0
2026-10-05T19:27:00.000000,1.4921,1.4926,1.4918,1.4918,30.0
2026-10-05T19:28:00.000000,1.4918,1.4918,1.4908000000000001,1.4910999999999999,16.0
2026-10-05T19:29:00.000000,1.4910999999999999,1.4928,1.4910999999999999,1.4927000000000001,18.0
2026-10-05T19:30:00.000000,1.4926,1.4928,1.4916,1.4916,34.0
2026-10-05T19:31:00.000000,1.4916,1.4918,1.4910999999999999,1.4918,12.0
2026-10-05T19:32:00.000000,1.4918,1.4918,1.4908000000000001,1.4908000000000001,14.0
2026-10-05T19:33:00.000000,1.4908000000000001,1.4909,1.4889999999999999,1.4899,52.0
2026-10-05T19:34:00.000000,1.4899,1.4924,1.4899,1.4918,52.0
2026-10-05T19:35:00.000000,1.4918,1.4938,1.4915,1.4938,39.0
2026-10-05T19:36:00.000000,1.4938,1.4938,1.4916,1.4932,47.0
2026-10-05T19:37:00.000000,1.4932,1.4943,1.4927000000000001,1.4927000000000001,25.0
2026-10-05T19:38:00.000000,1.4927000000000001,1.4946,1.4926,1.4941,28.0
2026-10-05T19:39:00.000000,1.4941,1.4955,1.4939,1.495,34.0
2026-10-05T19:40:00.000000,1.495,1.4956,1.4943,1.4948000000000001,38.0
2026-10-05T19:41:00.000000,1.4948000000000001,1.4955,1.494,1.4950999999999999,40.0
2026-10-05T19:42:00.000000,1.4950999999999999,1.4950999999999999,1.4945,1.4945,16.0
2026-10-05T19:43:00.000000,1.4945,1.4949,1.494,1.4947,14.0
2026-10-05T19:44:00.000000,1.4947,1.4947,1.494,1.4946,23.0
2026-10-05T19:45:00.000000,1.4946,1.4946,1.4934,1.4937,31.0
2026-10-05T19:46:00.000000,1.4937,1.4942,1.4922,1.4922,37.0
2026-10-05T19:47:00.000000,1.4922,1.4926,1.4909,1.4917,56.0
2026-10-05T19:48:00.000000,1.4917,1.4926,1.4910999999999999,1.492,42.0
2026-10-05T19:49:00.000000,1.492,1.4924,1.4908000000000001,1.4909,34.0
2026-10-05T19:50:00.000000,1.4909,1.4910999999999999,1.49,1.4904,19.0
2026-10-05T19:51:00.000000,1.4904,1.491,1.4886,1.4896,43.0
2026-10-05T19:52:00.000000,1.4896,1.4896,1.4875,1.4875,41.0
2026-10-05T19:53:00.000000,1.4875,1.4894,1.487,1.4894,49.0
2026-10-05T19:54:00.000000,1.4894,1.4909,1.4893,1.4908000000000001,28.0
2026-10-05T19:55:00.000000,1.4908000000000001,1.4915,1.4907,1.4907,37.0
2026-10-05T19:56:00.000000,1.4907,1.4922,1.4907,1.4921,29.0
2026-10-05T19:57:00.000000,1.4921,1.4926,1.4888,1.4892,56.0
2026-10-05T19:58:00.000000,1.4892,1.4897,1.4889999999999999,1.4893,28.0
2026-10-05T19:59:00.000000,1.4893,1.4904,1.4884,1.4884,24.0
2026-10-05T20:00:00.000000,1.4884,1.4894,1.4864,1.4876,43.0
2026-10-05T20:01:00.000000,1.4876,1.4907,1.4876,1.4907,38.0
2026-10-05T20:02:00.000000,1.4907,1.4919,1.4902,1.4902,27.0
2026-10-05T20:03:00.000000,1.4902,1.4902,1.4889999999999999,1.4901,33.0
2026-10-05T20:04:00.000000,1.4901,1.4912,1.4899,1.4912,29.0
2026-10-05T20:05:00.000000,1.4912,1.4919,1.4905,1.4916,35.0
2026-10-05T20:06:00.000000,1.4916,1.4918,1.4894,1.4894,19.0
2026-10-05T20:07:00.000000,1.4894,1.4909,1.4894,1.4908000000000001,29.0
2026-10-05T20:08:00.000000,1.4908000000000001,1.4915,1.4902,1.4912,26.0
2026-10-05T20:09:00.000000,1.4912,1.4918,1.4912,1.4913,22.0
2026-10-05T20:10:00.000000,1.4913,1.4913,1.4908000000000001,1.4910999999999999,7.0
2026-10-05T20:11:00.000000,1.4910999999999999,1.4910999999999999,1.4895,1.4895,11.0
2026-10-05T20:12:00.000000,1.4895,1.4895,1.4889000000000001,1.4889000000000001,6.0
2026-10-05T20:13:00.000000,1.4889000000000001,1.4897,1.4889000000000001,1.4889000000000001,15.0
2026-10-05T20:14:00.000000,1.4889000000000001,1.4889999999999999,1.4884,1.4885,17.0
2026-10-05T20:15:00.000000,1.4885,1.4894,1.4882,1.4892,26.0
2026-10-05T20:16:00.000000,1.4892,1.4910999999999999,1.4892,1.4909,21.0
2026-10-05T20:17:00.000000,1.4909,1.4909,1.4897,1.4899,14.0
2026-10-05T20:18:00.000000,1.4899,1.4904,1.4894,1.49,15.0
2026-10-05T20:19:00.000000,1.4902,1.4905,1.49,1.49,20.0
2026-10-05T20:20:00.000000,1.49,1.4912,1.4897,1.4910999999999999,17.0
2026-10-05T20:21:00.000000,1.4910999999999999,1.4926,1.4910999999999999,1.4924,21.0
2026-10-05T20:22:00.000000,1.4924,1.4926,1.4915,1.4926,24.0
2026-10-05T20:23:00.000000,1.4926,1.4927000000000001,1.4918,1.4927000000000001,18.0
2026-10-05T20:24:00.000000,1.4927000000000001,1.4927000000000001,1.4912,1.4912,21.0
2026-10-05T20:25:00.000000,1.4912,1.4914,1.4908000000000001,1.4908000000000001,6.0
2026-10-05T20:26:00.000000,1.4908000000000001,1.4916,1.4908000000000001,1.4912,11.0
2026-10-05T20:27:00.000000,1.4912,1.4916,1.491,1.4913,11.0
2026-10-05T20:28:00.000000,1.4913,1.4913,1.4909,1.4912,8.0
2026-10-05T20:29:00.000000,1.4912,1.4919,1.4912,1.4917,15.0
2026-10-05T20:30:00.000000,1.4917,1.4919,1.4912,1.4916,20.0
2026-10-05T20:31:00.000000,1.4916,1.4916,1.491,1.491,12.0
2026-10-05T20:32:00.000000,1.491,1.491,1.4894,1.4894,15.0
2026-10-05T20:33:00.000000,1.4894,1.4894,1.4881,1.4887000000000001,13.0
2026-10-05T20:34:00.000000,1.4887000000000001,1.4887000000000001,1.4870999999999999,1.4870999999999999,16.0
2026-10-05T20:35:00.000000,1.4870999999999999,1.4895,1.4868999999999999,1.4886,27.0
2026-10-05T20:36:00.000000,1.4886,1.4893,1.4883,1.4889999999999999,23.0
2026-10-05T20:37:00.000000,1.4889999999999999,1.4903,1.4889999999999999,1.4896,24.0
2026-10-05T20:38:00.000000,1.4896,1.4899,1.4895,1.4899,9.0
2026-10-05T20:39:00.000000,1.4899,1.4899,1.4879,1.488,24.0
2026-10-05T20:40:00.000000,1.488,1.4887000000000001,1.488,1.4887000000000001,6.0
2026-10-05T20:41:00.000000,1.4887000000000001,1.4897,1.4887000000000001,1.4895,10.0
2026-10-05T20:42:00.000000,1.4895,1.4899,1.4893,1.4893,10.0
2026-10-05T20:43:00.000000,1.4893,1.49,1.4893,1.49,8.0
2026-10-05T20:44:00.000000,1.49,1.4910999999999999,1.49,1.491,13.0
2026-10-05T20:45:00.000000,1.491,1.4924,1.4909,1.4924,17.0
2026-10-05T20:46:00.000000,1.4924,1.4932,1.4921,1.4932,25.0
2026-10-05T20:47:00.000000,1.4932,1.4937,1.4929999999999999,1.4933,24.0
2026-10-05T20:48:00.000000,1.4933,1.4935,1.4931,1.4935,17.0
2026-10-05T20:49:00.000000,1.4935,1.4937,1.4935,1.4937,6.0
2026-10-05T20:50:00.000000,1.4937,1.4942,1.4936,1.4936,12.0
2026-10-05T20:51:00.000000,1.4936,1.4944,1.4936,1.4944,6.0
2026-10-05T20:52:00.000000,1.4944,1.4946,1.4944,1.4944,5.0
2026-10-05T20:53:00.000000,1.4944,1.4949,1.4944,1.4949,5.0
2026-10-05T20:54:00.000000,1.4949,1.4954,1.4949,1.4952,10.0
2026-10-05T20:55:00.000000,1.4952,1.4955,1.4952,1.4953,5.0
2026-10-05T20:56:00.000000,1.4953,1.4953,1.4948000000000001,1.4948000000000001,7.0
2026-10-05T20:57:00.000000,1.4948000000000001,1.4952,1.4946,1.4952,12.0
2026-10-05T20:58:00.000000,1.4952,1.4954,1.4952,1.4954,3.0
2026-10-05T20:59:00.000000,1.4954,1.4954,1.4954,1.4954,1.0
2026-10-05T21:00:00.000000,1.4954,1.4957,1.4948000000000001,1.4948000000000001,14.0
2026-10-05T21:01:00.000000,1.4948000000000001,1.4956,1.4948000000000001,1.4954,8.0
2026-10-05T21:02:00.000000,1.4954,1.4958,1.4947,1.4947,16.0
2026-10-05T21:03:00.000000,1.4947,1.4949,1.4937,1.4949,14.0
2026-10-05T21:04:00.000000,1.4949,1.4949,1.4943,1.4948000000000001,9.0
2026-10-05T21:05:00.000000,1.4948000000000001,1.4949,1.4939,1.4939,11.0
2026-10-05T21:06:00.000000,1.4939,1.4946,1.4939,1.4941,13.0
2026-10-05T21:07:00.000000,1.4941,1.4941,1.4936,1.4936,6.0
2026-10-05T21:08:00.000000,1.4936,1.4939,1.4936,1.4937,6.0
2026-10-05T21:09:00.000000,1.4937,1.494,1.4936,1.4939,4.0
2026-10-05T21:10:00.000000,1.4939,1.4948000000000001,1.4936,1.4948000000000001,13.0
2026-10-05T21:11:00.000000,1.4948000000000001,1.4950999999999999,1.4948000000000001,1.4950999999999999,7.0
2026-10-05T21:12:00.000000,1.4950999999999999,1.4950999999999999,1.4945,1.4945,11.0
2026-10-05T21:13:00.000000,1.4945,1.4945,1.4939,1.4939,7.0
2026-10-05T21:14:00.000000,1.4939,1.4943,1.4938,1.4942,8.0
2026-10-05T21:15:00.000000,1.4942,1.4947,1.494,1.4941,12.0
2026-10-05T21:16:00.000000,1.4941,1.4948000000000001,1.4941,1.4941,11.0
2026-10-05T21:17:00.000000,1.4941,1.4941,1.4931,1.4936,14.0
2026-10-05T21:18:00.000000,1.4936,1.4938,1.4931,1.4938,10.0
2026-10-05T21:19:00.000000,1.4938,1.494,1.4934,1.494,7.0
2026-10-05T21:20:00.000000,1.494,1.4947,1.494,1.4947,11.0
2026-10-05T21:21:00.000000,1.4947,1.4948000000000001,1.4942,1.4945,8.0
2026-10-05T21:22:00.000000,1.4945,1.4949,1.4942,1.4949,9.0
2026-10-05T21:23:00.000000,1.4949,1.4950999999999999,1.4949,1.4950999999999999,7.0
2026-10-05T21:24:00.000000,1.4950999999999999,1.4952,1.495,1.4952,4.0
2026-10-05T21:25:00.000000,1.4952,1.4952,1.4952,1.4952,1.0
2026-10-05T21:26:00.000000,1.4952,1.4954,1.4952,1.4952,3.0
2026-10-05T21:27:00.000000,1.4952,1.4952,1.4952,1.4952,1.0
2026-10-05T21:28:00.000000,1.4952,1.496,1.4952,1.496,6.0
2026-10-05T21:29:00.000000,1.496,1.4964,1.496,1.4963,4.0
2026-10-05T21:30:00.000000,1.4963,1.4963,1.4956,1.4959,18.0
2026-10-05T21:31:00.000000,1.4959,1.4981,1.4959,1.4981,23.0
2026-10-05T21:32:00.000000,1.4981,1.4985,1.4976,1.4976,16.0
2026-10-05T21:33:00.000000,1.4976,1.4976,1.4966,1.4968,11.0
2026-10-05T21:34:00.000000,1.4968,1.4968,1.4957,1.4957,19.0
2026-10-05T21:35:00.000000,1.4957,1.4962,1.4945,1.4962,30.0
2026-10-05T21:36:00.000000,1.4962,1.4963,1.4953,1.4959,19.0
2026-10-05T21:37:00.000000,1.4959,1.496,1.4954,1.4954,15.0
2026-10-05T21:38:00.000000,1.4954,1.4954,1.4950999999999999,1.4950999999999999,6.0
2026-10-05T21:39:00.000000,1.4950999999999999,1.4958,1.4950999999999999,1.4958,7.0
2026-10-05T21:40:00.000000,1.4958,1.496,1.4957,1.4959,5.0
2026-10-05T21:41:00.000000,1.4959,1.4959,1.4956,1.4957,5.0
2026-10-05T21:42:00.000000,1.4957,1.4957,1.4957,1.4957,1.0
2026-10-05T21:43:00.000000,1.4957,1.4963,1.4957,1.4963,14.0
2026-10-05T21:44:00.000000,1.4963,1.4971,1.4963,1.4971,8.0
2026-10-05T21:45:00.000000,1.4971,1.4979,1.4971,1.4979,8.0
2026-10-05T21:46:00.000000,1.4979,1.4985,1.4979,1.4983,7.0
2026-10-05T21:47:00.000000,1.4983,1.4990999999999999,1.4983,1.4989,19.0
2026-10-05T21:48:00.000000,1.4989,1.4989,1.4982,1.4985,13.0
2026-10-05T21:49:00.000000,1.4985,1.4989,1.4983,1.4989,13.0
2026-10-05T21:50:00.000000,1.4989,1.4992,1.4988000000000001,1.4989,12.0
2026-10-05T21:51:00.000000,1.4989,1.5002,1.4987,1.5,16.0
2026-10-05T21:52:00.000000,1.5,1.5,1.4990999999999999,1.4990999999999999,10.0
2026-10-05T21:53:00.000000,1.4990999999999999,1.4992,1.4989,1.499,7.0
2026-10-05T21:54:00.000000,1.499,1.4990999999999999,1.4989,1.4989,8.0
2026-10-05T21:55:00.000000,1.4989,1.4992,1.4987,1.4988000000000001,9.0
2026-10-05T21:56:00.000000,1.4988000000000001,1.4989,1.4986,1.4989,6.0
2026-10-05T21:57:00.000000,1.4989,1.4992,1.4989,1.4990999999999999,7.0
2026-10-05T21:58:00.000000,1.4990999999999999,1.5001,1.4990999999999999,1.5,19.0
2026-10-05T21:59:00.000000,1.5,1.5002,1.4992,1.4994,18.0
2026-10-05T22:00:00.000000,1.4994,1.4996,1.499,1.4992,18.0
2026-10-05T22:01:00.000000,1.4992,1.4995,1.4985,1.4986,14.0
2026-10-05T22:02:00.000000,1.4985,1.4989,1.4983,1.4989,8.0
2026-10-05T22:03:00.000000,1.4988000000000001,1.4993,1.4987,1.4993,11.0
2026-10-05T22:04:00.000000,1.4993,1.5,1.4993,1.5,9.0
2026-10-05T22:05:00.000000,1.5,1.5004,1.4997,1.4997,11.0
2026-10-05T22:06:00.000000,1.4997,1.4997,1.4988000000000001,1.499,11.0
2026-10-05T22:07:00.000000,1.499,1.4994,1.499,1.499,9.0
2026-10-05T22:08:00.000000,1.499,1.4993,1.4985,1.4990999999999999,12.0
2026-10-05T22:09:00.000000,1.4990999999999999,1.4996,1.4990999999999999,1.4995,6.0
2026-10-05T22:10:00.000000,1.4995,1.4995,1.4990999999999999,1.4993,7.0
2026-10-05T22:11:00.000000,1.4993,1.4993,1.4986,1.4986,10.0
2026-10-05T22:12:00.000000,1.4986,1.4987,1.4985,1.4987,5.0
2026-10-05T22:13:00.000000,1.4987,1.499,1.4987,1.4987,8.0
2026-10-05T22:14:00.000000,1.4987,1.4989,1.4987,1.4987,8.0
2026-10-05T22:15:00.000000,1.4987,1.4987,1.4985,1.4985,3.0
2026-10-05T22:16:00.000000,1.4985,1.4985,1.4981,1.4981,5.0
2026-10-05T22:17:00.000000,1.4981,1.4981,1.4978,1.4978,3.0
2026-10-05T22:18:00.000000,1.4978,1.4983,1.4978,1.4983,6.0
2026-10-05T22:19:00.000000,1.4983,1.4985,1.498,1.4981,8.0
2026-10-05T22:20:00.000000,1.4981,1.4981,1.4978,1.4978,4.0
2026-10-05T22:21:00.000000,1.4978,1.4984,1.4978,1.4984,7.0
2026-10-05T22:22:00.000000,1.4984,1.4984,1.4979,1.4979,5.0
2026-10-05T22:23:00.000000,1.4979,1.4985,1.4979,1.4985,7.0
2026-10-05T22:24:00.000000,1.4985,1.4987,1.4982,1.4987,11.0
2026-10-05T22:25:00.000000,1.4987,1.4989,1.4983,1.4983,7.0
2026-10-05T22:26:00.000000,1.4983,1.4987,1.4983,1.4987,4.0
2026-10-05T22:27:00.000000,1.4987,1.4987,1.4986,1.4986,2.0
2026-10-05T22:28:00.000000,1.4986,1.4992,1.4986,1.4992,7.0
2026-10-05T22:29:00.000000,1.4992,1.4994,1.4990999999999999,1.4994,7.0
2026-10-05T22:30:00.000000,1.4994,1.4999,1.4994,1.4994,8.0
2026-10-05T22:31:00.000000,1.4994,1.4994,1.4987,1.4987,10.0
2026-10-05T22:32:00.000000,1.4987,1.4987,1.4978,1.4978,14.0
2026-10-05T22:33:00.000000,1.4978,1.498,1.4978,1.498,5.0
2026-10-05T22:34:00.000000,1.498,1.498,1.4978,1.4978,3.0
2026-10-05T22:35:00.000000,1.4978,1.498,1.4978,1.4978,4.0
2026-10-05T22:36:00.000000,1.4978,1.4981,1.4978,1.4981,4.0
2026-10-05T22:37:00.000000,1.4981,1.4981,1.4979,1.4979,3.0
2026-10-05T22:38:00.000000,1.4979,1.4979,1.4974,1.4974,4.0
2026-10-05T22:39:00.000000,1.4974,1.4978,1.4974,1.4978,4.0
2026-10-05T22:40:00.000000,1.4978,1.4983,1.4978,1.4982,9.0
2026-10-05T22:41:00.000000,1.4982,1.4986,1.4982,1.4986,5.0
2026-10-05T22:42:00.000000,1.4986,1.4993,1.4986,1.4990999999999999,7.0
2026-10-05T22:43:00.000000,1.4990999999999999,1.4995,1.4990999999999999,1.4992,5.0
2026-10-05T22:44:00.000000,1.4992,1.4998,1.4992,1.4993,10.0
2026-10-05T22:45:00.000000,1.4993,1.4993,1.4988000000000001,1.4989,6.0
2026-10-05T22:46:00.000000,1.4989,1.4994,1.4988000000000001,1.4993,6.0
2026-10-05T22:47:00.000000,1.4993,1.4999,1.499,1.4998,11.0
2026-10-05T22:48:00.000000,1.4998,1.5024,1.4996,1.5017,32.0
2026-10-05T22:49:00.000000,1.5017,1.5022,1.5013999999999998,1.5013999999999998,15.0
2026-10-05T22:50:00.000000,1.5013999999999998,1.5013999999999998,1.5008,1.5008,5.0
2026-10-05T22:51:00.000000,1.5008,1.5017,1.5008,1.5013999999999998,13.0
2026-10-05T22:52:00.000000,1.5013999999999998,1.502,1.5011,1.502,8.0
2026-10-05T22:53:00.000000,1.502,1.5024,1.502,1.5021,7.0
2026-10-05T22:54:00.000000,1.5021,1.5024,1.5017,1.5024,6.0
2026-10-05T22:55:00.000000,1.5024,1.5028000000000001,1.5024,1.5028000000000001,3.0
2026-10-05T22:56:00.000000,1.5028000000000001,1.5028000000000001,1.5023,1.5023,8.0
2026-10-05T22:57:00.000000,1.5023,1.5024,1.5019,1.5024,5.0
2026-10-05T22:58:00.000000,1.5024,1.5024,1.5021,1.5021,3.0
2026-10-05T22:59:00.000000,1.5021,1.5021,1.5018,1.5018,4.0
2026-10-05T23:00:00.000000,1.5018,1.502,1.5015,1.5018,14.0
2026-10-05T23:01:00.000000,1.5018,1.5023,1.5017,1.5017,9.0
2026-10-05T23:02:00.000000,1.5017,1.5023,1.5017,1.5022,11.0
2026-10-05T23:03:00.000000,1.5022,1.5024,1.502,1.5021,9.0
2026-10-05T23:04:00.000000,1.5021,1.5021,1.5009000000000001,1.5009000000000001,17.0
2026-10-05T23:05:00.000000,1.5009000000000001,1.5009000000000001,1.5007000000000001,1.5007000000000001,6.0
2026-10-05T23:06:00.000000,1.5007000000000001,1.5008,1.5003,1.5003,10.0
2026-10-05T23:07:00.000000,1.5003,1.5003,1.4999,1.5002,8.0
2026-10-05T23:08:00.000000,1.5002,1.5007000000000001,1.5002,1.5004,8.0
2026-10-05T23:09:00.000000,1.5004,1.5009000000000001,1.5003,1.5009000000000001,8.0
2026-10-05T23:10:00.000000,1.5009000000000001,1.501,1.5005,1.5005,7.0
2026-10-05T23:11:00.000000,1.5005,1.5006,1.5002,1.5006,5.0
2026-10-05T23:12:00.000000,1.5006,1.5011999999999999,1.5006,1.5011,7.0
2026-10-05T23:13:00.000000,1.5011,1.5011999999999999,1.501,1.5011,5.0
2026-10-05T23:14:00.000000,1.5011,1.5011,1.5005,1.5007000000000001,8.0
2026-10-05T23:15:00.000000,1.5007000000000001,1.5007000000000001,1.4997,1.4997,16.0
2026-10-05T23:16:00.000000,1.4997,1.4998,1.4997,1.4998,2.0
2026-10-05T23:17:00.000000,1.4998,1.5001,1.4995,1.4995,6.0
2026-10-05T23:18:00.000000,1.4995,1.5001,1.4995,1.5001,8.0
2026-10-05T23:19:00.000000,1.5001,1.5002,1.4999,1.5002,4.0
2026-10-05T23:20:00.000000,1.5002,1.5002,1.4994,1.4994,7.0
2026-10-05T23:21:00.000000,1.4994,1.4994,1.4988000000000001,1.4993,11.0
2026-10-05T23:22:00.000000,1.4993,1.5,1.4990999999999999,1.4990999999999999,13.0
2026-10-05T23:23:00.000000,1.4990999999999999,1.4995,1.4984,1.4995,14.0
2026-10-05T23:24:00.000000,1.4995,1.4995,1.4981,1.4985,15.0
2026-10-05T23:25:00.000000,1.4985,1.4992,1.4985,1.4992,9.0
2026-10-05T23:26:00.000000,1.4992,1.5004,1.4992,1.5004,11.0
2026-10-05T23:27:00.000000,1.5004,1.5017,1.5004,1.5013999999999998,15.0
2026-10-05T23:28:00.000000,1.5013999999999998,1.5019,1.5011999999999999,1.5016,20.0
2026-10-05T23:29:00.000000,1.5016,1.5044,1.5016,1.5032999999999999,53.0
2026-10-05T23:30:00.000000,1.5032999999999999,1.5042,1.5030999999999999,1.5032999999999999,27.0
2026-10-05T23:31:00.000000,1.5032999999999999,1.5032999999999999,1.5022,1.5022,9.0
2026-10-05T23:32:00.000000,1.5022,1.5029,1.5021,1.5021,15.0
2026-10-05T23:33:00.000000,1.5021,1.5027,1.5021,1.5027,14.0
2026-10-05T23:34:00.000000,1.5027,1.5032999999999999,1.5027,1.5030000000000001,7.0
2026-10-05T23:35:00.000000,1.5030000000000001,1.5030000000000001,1.5024,1.5024,8.0
2026-10-05T23:36:00.000000,1.5024,1.5032999999999999,1.5024,1.5032999999999999,8.0
2026-10-05T23:37:00.000000,1.5032999999999999,1.5032999999999999,1.502,1.5025,15.0
2026-10-05T23:38:00.000000,1.5025,1.5027,1.5022,1.5022,6.0
2026-10-05T23:39:00.000000,1.5022,1.5030999999999999,1.5022,1.5023,12.0
2026-10-05T23:40:00.000000,1.5023,1.5026000000000002,1.502,1.502,6.0
2026-10-05T23:41:00.000000,1.502,1.5027,1.502,1.5027,9.0
2026-10-05T23:42:00.000000,1.5027,1.5027,1.5024,1.5026000000000002,7.0
2026-10-05T23:43:00.000000,1.5026000000000002,1.5032999999999999,1.5025,1.5029,15.0
2026-10-05T23:44:00.000000,1.5029,1.5032999999999999,1.5027,1.5032999999999999,8.0
2026-10-05T23:45:00.000000,1.5032999999999999,1.5041,1.5032999999999999,1.5036,10.0
2026-10-05T23:46:00.000000,1.5036,1.5043,1.5036,1.5043,8.0
2026-10-05T23:47:00.000000,1.5043,1.5051,1.5043,1.5048,11.0
2026-10-05T23:48:00.000000,1.5048,1.5051999999999999,1.5048,1.5051999999999999,4.0
2026-10-05T23:49:00.000000,1.5051999999999999,1.5053999999999998,1.5045,1.5048,12.0
2026-10-05T23:50:00.000000,1.5048,1.5058,1.5048,1.5056,18.0
2026-10-05T23:51:00.000000,1.5057,1.5059,1.5056,1.5057,7.0
2026-10-05T23:52:00.000000,1.5057,1.5062,1.5057,1.5062,3.0
2026-10-05T23:53:00.000000,1.5062,1.5064,1.5055,1.5055,9.0
2026-10-05T23:54:00.000000,1.5055,1.5056,1.5053,1.5053,7.0
2026-10-05T23:55:00.000000,1.5053,1.5053999999999998,1.5053,1.5053,3.0
2026-10-05T23:56:00.000000,1.5053,1.5053,1.5043,1.5043,11.0
2026-10-05T23:57:00.000000,1.5043,1.5044,1.504,1.504,6.0
2026-10-05T23:58:00.000000,1.5039,1.5039,1.5034999999999998,1.5034999999999998,3.0
2026-10-05T23:59:00.000000,1.5034999999999998,1.5036,1.5034999999999998,1.5036,2.0
2026-10-06T00:00:00.000000,1.5036,1.5044,1.5036,1.5044,8.0
2026-10-06T00:01:00.000000,1.5044,1.5044,1.5039,1.5042,6.0
2026-10-06T00:02:00.000000,1.5042,1.5045,1.5042,1.5045,4.0
2026-10-06T00:03:00.000000,1.5045,1.5055,1.5044,1.5053999999999998,8.0
2026-10-06T00:04:00.000000,1.5053999999999998,1.5057,1.5053,1.5053,6.0
2026-10-06T00:05:00.000000,1.5053,1.5053,1.5048,1.5051,8.0
2026-10-06T00:06:00.000000,1.5051,1.5063,1.5051,1.5062,7.0
2026-10-06T00:07:00.000000,1.5062,1.5063,1.506,1.506,7.0
2026-10-06T00:08:00.000000,1.506,1.5063,1.506,1.5062,7.0
2026-10-06T00:09:00.000000,1.5062,1.5062,1.5059,1.5059,9.0
2026-10-06T00:10:00.000000,1.5059,1.5059,1.5053,1.5055,10.0
2026-10-06T00:11:00.000000,1.5055,1.5055,1.5053999999999998,1.5053999999999998,2.0
2026-10-06T00:12:00.000000,1.5053999999999998,1.5053999999999998,1.5053,1.5053,2.0
2026-10-06T00:13:00.000000,1.5053,1.5053,1.505,1.5051,4.0
2026-10-06T00:14:00.000000,1.5051,1.5051,1.5044,1.5046,5.0
2026-10-06T00:15:00.000000,1.5046,1.505,1.5046,1.505,3.0
2026-10-06T00:16:00.000000,1.505,1.5053999999999998,1.505,1.5051,6.0
2026-10-06T00:17:00.000000,1.5051,1.5053999999999998,1.5051,1.5053,4.0
2026-10-06T00:18:00.000000,1.5053,1.5056,1.5051,1.5053999999999998,6.0
2026-10-06T00:19:00.000000,1.5053999999999998,1.5059,1.5053,1.5059,6.0
2026-10-06T00:20:00.000000,1.5059,1.5063,1.5059,1.5061,7.0
2026-10-06T00:21:00.000000,1.5061,1.5063,1.5058,1.5059,9.0
2026-10-06T00:22:00.000000,1.5059,1.5059,1.5053999999999998,1.5055,8.0
2026-10-06T00:23:00.000000,1.5055,1.5059,1.5055,1.5059,4.0
2026-10-06T00:24:00.000000,1.5059,1.5059,1.5053999999999998,1.5055,7.0
2026-10-06T00:25:00.000000,1.5055,1.5057,1.5055,1.5057,3.0
2026-10-06T00:26:00.000000,1.5057,1.5057,1.5051999999999999,1.5051999999999999,5.0
2026-10-06T00:27:00.000000,1.5051999999999999,1.5053999999999998,1.5051999999999999,1.5053999999999998,5.0
2026-10-06T00:28:00.000000,1.5053999999999998,1.5053999999999998,1.5051999999999999,1.5053,8.0
2026-10-06T00:29:00.000000,1.5053,1.5053,1.505,1.505,5.0
2026-10-06T00:30:00.000000,1.505,1.505,1.5046,1.5046,6.0
2026-10-06T00:31:00.000000,1.5046,1.5046,1.5038,1.5038,8.0
2026-10-06T00:32:00.000000,1.5038,1.5039,1.5030999999999999,1.5034,11.0
2026-10-06T00:33:00.000000,1.5034,1.5034,1.5030000000000001,1.5030000000000001,5.0
2026-10-06T00:34:00.000000,1.5030000000000001,1.5030999999999999,1.5030000000000001,1.5030999999999999,2.0
2026-10-06T00:35:00.000000,1.5030999999999999,1.5039,1.5030999999999999,1.5034999999999998,10.0
2026-10-06T00:36:00.000000,1.5034999999999998,1.5042,1.5032999999999999,1.504,11.0
2026-10-06T00:37:00.000000,1.504,1.5042,1.5039,1.5039,5.0
2026-10-06T00:38:00.000000,1.5039,1.504,1.5039,1.504,4.0
2026-10-06T00:39:00.000000,1.504,1.5043,1.5037,1.5043,5.0
2026-10-06T00:40:00.000000,1.5043,1.5045,1.5043,1.5045,3.0
2026-10-06T00:41:00.000000,1.5045,1.5045,1.5039,1.5039,4.0
2026-10-06T00:42:00.000000,1.5039,1.5039,1.5039,1.5039,1.0
2026-10-06T00:43:00.000000,1.5039,1.5043,1.5036,1.5043,10.0
2026-10-06T00:44:00.000000,1.5043,1.5045,1.504,1.5045,7.0
2026-10-06T00:45:00.000000,1.5045,1.5045,1.5045,1.5045,1.0
2026-10-06T00:46:00.000000,1.5045,1.505,1.5045,1.5049000000000001,5.0
2026-10-06T00:47:00.000000,1.5049000000000001,1.5049000000000001,1.5048,1.5048,2.0
2026-10-06T00:48:00.000000,1.5048,1.5048,1.5046,1.5048,4.0
2026-10-06T00:49:00.000000,1.5048,1.5049000000000001,1.5048,1.5048,3.0
2026-10-06T00:50:00.000000,1.5048,1.5053999999999998,1.5048,1.5053999999999998,8.0
2026-10-06T00:51:00.000000,1.5053999999999998,1.5057,1.5053999999999998,1.5057,4.0
2026-10-06T00:52:00.000000,1.5057,1.5057,1.5051999999999999,1.5051999999999999,4.0
2026-10-06T00:53:00.000000,1.5051999999999999,1.5051999999999999,1.5051999999999999,1.5051999999999999,1.0
2026-10-06T00:54:00.000000,1.5051999999999999,1.5051999999999999,1.505,1.505,3.0
2026-10-06T00:55:00.000000,1.505,1.505,1.5048,1.5048,3.0
2026-10-06T00:56:00.000000,1.5048,1.5048,1.5048,1.5048,1.0
2026-10-06T00:57:00.000000,1.5048,1.505,1.5044,1.5048,9.0
2026-10-06T00:58:00.000000,1.5048,1.5048,1.5047000000000001,1.5048,3.0
2026-10-06T00:59:00.000000,1.5048,1.5049000000000001,1.5047000000000001,1.5047000000000001,4.0
2026-10-06T01:00:00.000000,1.5047000000000001,1.505,1.5047000000000001,1.505,3.0
2026-10-06T01:01:00.000000,1.505,1.5053999999999998,1.505,1.5053999999999998,3.0
2026-10-06T01:02:00.000000,1.5053999999999998,1.5058,1.5053999999999998,1.5058,2.0
2026-10-06T01:03:00.000000,1.5058,1.5061,1.5058,1.5061,3.0
2026-10-06T01:04:00.000000,1.5061,1.5067,1.5061,1.5067,4.0
2026-10-06T01:05:00.000000,1.5067,1.5067,1.5066000000000002,1.5067,3.0
2026-10-06T01:06:00.000000,1.5067,1.5067,1.5061,1.5061,4.0
2026-10-06T01:07:00.000000,1.5061,1.5061,1.5057,1.5057,4.0
2026-10-06T01:08:00.000000,1.5057,1.5057,1.5057,1.5057,1.0
2026-10-06T01:09:00.000000,1.5057,1.5057,1.5057,1.5057,1.0
2026-10-06T01:10:00.000000,1.5057,1.5057,1.5045,1.5047000000000001,15.0
2026-10-06T01:11:00.000000,1.5047000000000001,1.5051999999999999,1.5047000000000001,1.5051999999999999,5.0
2026-10-06T01:12:00.000000,1.5051999999999999,1.5051999999999999,1.5051999999999999,1.5051999999999999,1.0
2026-10-06T01:13:00.000000,1.5051999999999999,1.5056,1.505,1.505,7.0
2026-10-06T01:14:00.000000,1.505,1.5067,1.5048,1.5064,19.0
2026-10-06T01:15:00.000000,1.5064,1.5064,1.5057,1.506,11.0
2026-10-06T01:16:00.000000,1.506,1.506,1.5055,1.5055,4.0
2026-10-06T01:17:00.000000,1.5055,1.5063,1.5051999999999999,1.5059,12.0
2026-10-06T01:18:00.000000,1.5059,1.5063,1.5059,1.5063,4.0
2026-10-06T01:19:00.000000,1.5063,1.5070999999999999,1.5063,1.5069,7.0
2026-10-06T01:20:00.000000,1.5069,1.5072999999999999,1.5069,1.5072999999999999,9.0
2026-10-06T01:21:00.000000,1.5072999999999999,1.5074999999999998,1.5062,1.5065,9.0
2026-10-06T01:22:00.000000,1.5065,1.5068000000000001,1.5065,1.5065,6.0
2026-10-06T01:23:00.000000,1.5065,1.5072,1.5065,1.5072,9.0
2026-10-06T01:24:00.000000,1.5072,1.5074,1.5069,1.5074,7.0
2026-10-06T01:25:00.000000,1.5074,1.5077,1.5074,1.5077,3.0
2026-10-06T01:26:00.000000,1.5077,1.5078,1.5074999999999998,1.5078,6.0
2026-10-06T01:27:00.000000,1.5078,1.5078,1.5070999999999999,1.5077,10.0
2026-10-06T01:28:00.000000,1.5077,1.508,1.5077,1.508,4.0
2026-10-06T01:29:00.000000,1.508,1.508,1.5074999999999998,1.508,6.0
2026-10-06T01:30:00.000000,1.508,1.5098,1.508,1.5098,11.0
2026-10-06T01:31:00.000000,1.5098,1.5116,1.5093999999999999,1.5099,39.0
2026-10-06T01:32:00.000000,1.5099,1.5139,1.5099,1.5116,54.0
2026-10-06T01:33:00.000000,1.5114999999999998,1.5138,1.5114,1.5129000000000001,41.0
2026-10-06T01:34:00.000000,1.513,1.5142,1.513,1.5137,37.0
2026-10-06T01:35:00.000000,1.5137,1.5137,1.5128,1.5135,19.0
2026-10-06T01:36:00.000000,1.5135,1.5135,1.5129000000000001,1.5131000000000001,11.0
2026-10-06T01:37:00.000000,1.5131000000000001,1.5135999999999998,1.5131000000000001,1.5135999999999998,7.0
2026-10-06T01:38:00.000000,1.5135999999999998,1.5144,1.5135999999999998,1.5135999999999998,10.0
2026-10-06T01:39:00.000000,1.5135999999999998,1.514,1.5119,1.5122,28.0
2026-10-06T01:40:00.000000,1.5122,1.5142,1.5122,1.5139,19.0
2026-10-06T01:41:00.000000,1.5139,1.5141,1.5133,1.5137,9.0
2026-10-06T01:42:00.000000,1.5137,1.5149,1.5137,1.5146,24.0
2026-10-06T01:43:00.000000,1.5146,1.5149,1.5146,1.5149,14.0
2026-10-06T01:44:00.000000,1.5149,1.5149,1.5138,1.5143,16.0
2026-10-06T01:45:00.000000,1.5143,1.5149,1.514,1.5144,14.0
2026-10-06T01:46:00.000000,1.5144,1.5144,1.5131999999999999,1.5133,20.0
2026-10-06T01:47:00.000000,1.5133,1.5135999999999998,1.5131000000000001,1.5131000000000001,13.0
2026-10-06T01:48:00.000000,1.5131000000000001,1.5131000000000001,1.5125,1.5131000000000001,16.0
2026-10-06T01:49:00.000000,1.5131000000000001,1.5141,1.5131000000000001,1.5141,11.0
2026-10-06T01:50:00.000000,1.5141,1.5144,1.5135999999999998,1.5144,15.0
2026-10-06T01:51:00.000000,1.5144,1.5144,1.5133999999999999,1.5139,13.0
2026-10-06T01:52:00.000000,1.5139,1.5139,1.5133,1.5135999999999998,14.0
2026-10-06T01:53:00.000000,1.5135999999999998,1.514,1.5135999999999998,1.5139,10.0
2026-10-06T01:54:00.000000,1.5139,1.5143,1.5137,1.5141,9.0
2026-10-06T01:55:00.000000,1.5141,1.5141,1.5133999999999999,1.5133999999999999,6.0
2026-10-06T01:56:00.000000,1.5133999999999999,1.5133999999999999,1.5128,1.5128,5.0
2026-10-06T01:57:00.000000,1.5128,1.5128,1.5117,1.5117,9.0
2026-10-06T01:58:00.000000,1.5117,1.5123,1.5114,1.5117,13.0
2026-10-06T01:59:00.000000,1.5117,1.5122,1.5117,1.5122,14.0
2026-10-06T02:00:00.000000,1.5122,1.5124,1.5116,1.5121,21.0
2026-10-06T02:01:00.000000,1.5121,1.5121,1.5110999999999999,1.5114999999999998,19.0
2026-10-06T02:02:00.000000,1.5114999999999998,1.5117,1.5108000000000001,1.5110000000000001,22.0
2026-10-06T02:03:00.000000,1.5110000000000001,1.5110999999999999,1.5108000000000001,1.5110999999999999,6.0
2026-10-06T02:04:00.000000,1.5110999999999999,1.5114,1.5108000000000001,1.5112,13.0
2026-10-06T02:05:00.000000,1.5112,1.5112,1.5103,1.5110999999999999,21.0
2026-10-06T02:06:00.000000,1.5110999999999999,1.5114,1.5110000000000001,1.5110000000000001,11.0
2026-10-06T02:07:00.000000,1.5110000000000001,1.5110000000000001,1.509,1.5095,25.0
2026-10-06T02:08:00.000000,1.5095,1.5107,1.5095,1.5106000000000002,17.0
2026-10-06T02:09:00.000000,1.5106000000000002,1.5106000000000002,1.5104,1.5105,6.0
2026-10-06T02:10:00.000000,1.5105,1.5112,1.5105,1.5112,8.0
2026-10-06T02:11:00.000000,1.5112,1.5114,1.5110999999999999,1.5114,8.0
2026-10-06T02:12:00.000000,1.5114,1.512,1.5114,1.512,5.0
2026-10-06T02:13:00.000000,1.512,1.5122,1.5112999999999999,1.5119,12.0
2026-10-06T02:14:00.000000,1.5119,1.5119,1.5118,1.5118,2.0
2026-10-06T02:15:00.000000,1.5118,1.5119,1.5114999999999998,1.5116,7.0
2026-10-06T02:16:00.000000,1.5116,1.5116,1.5106000000000002,1.5108000000000001,12.0
2026-10-06T02:17:00.000000,1.5108000000000001,1.5114999999999998,1.5107,1.5112,13.0
2026-10-06T02:18:00.000000,1.5112,1.5114999999999998,1.5112,1.5112999999999999,12.0
2026-10-06T02:19:00.000000,1.5112999999999999,1.5112999999999999,1.5109,1.5109,7.0
2026-10-06T02:20:00.000000,1.5109,1.5109,1.5104,1.5104,6.0
2026-10-06T02:21:00.000000,1.5104,1.5104,1.5099,1.5101,7.0
2026-10-06T02:22:00.000000,1.5101,1.5105,1.5101,1.5105,5.0
2026-10-06T02:23:00.000000,1.5105,1.5105,1.5102,1.5102,3.0
2026-10-06T02:24:00.000000,1.5102,1.5102,1.5096,1.5096,5.0
2026-10-06T02:25:00.000000,1.5096,1.5096,1.5093999999999999,1.5093999999999999,4.0
2026-10-06T02:26:00.000000,1.5093999999999999,1.5099,1.5093999999999999,1.5099,5.0
2026-10-06T02:27:00.000000,1.5099,1.5101,1.5099,1.5101,2.0
2026-10-06T02:28:00.000000,1.5101,1.5108000000000001,1.5101,1.5108000000000001,8.0
2026-10-06T02:29:00.000000,1.5108000000000001,1.5109,1.5106000000000002,1.5106000000000002,4.0
2026-10-06T02:30:00.000000,1.5106000000000002,1.5118,1.5105,1.5118,15.0
2026-10-06T02:31:00.000000,1.5118,1.5123,1.5116,1.5123,7.0
2026-10-06T02:32:00.000000,1.5123,1.5127000000000002,1.5112,1.5114,15.0
2026-10-06T02:33:00.000000,1.5114,1.5121,1.5112999999999999,1.5121,6.0
2026-10-06T02:34:00.000000,1.5121,1.5127000000000002,1.5117,1.5124,14.0
2026-10-06T02:35:00.000000,1.5124,1.5124,1.5119,1.5123,9.0
2026-10-06T02:36:00.000000,1.5123,1.5123,1.5117,1.5117,10.0
2026-10-06T02:37:00.000000,1.5117,1.5117,1.5106000000000002,1.5112,15.0
2026-10-06T02:38:00.000000,1.5112,1.5112,1.5109,1.5110999999999999,10.0
2026-10-06T02:39:00.000000,1.5110999999999999,1.5118,1.5110999999999999,1.5118,9.0
2026-10-06T02:40:00.000000,1.5118,1.5118,1.5110999999999999,1.5112,8.0
2026-10-06T02:41:00.000000,1.5112,1.5112999999999999,1.5110999999999999,1.5110999999999999,6.0
2026-10-06T02:42:00.000000,1.5110999999999999,1.5110999999999999,1.5110999999999999,1.5110999999999999,1.0
2026-10-06T02:43:00.000000,1.5110999999999999,1.5110999999999999,1.5093,1.5093999999999999,16.0
2026-10-06T02:44:00.000000,1.5093999999999999,1.5093999999999999,1.5081,1.5086,16.0
2026-10-06T02:45:00.000000,1.5086,1.5095,1.5085,1.5095,16.0
2026-10-06T02:46:00.000000,1.5095,1.5095,1.5093,1.5093,10.0
2026-10-06T02:47:00.000000,1.5093,1.5099,1.509,1.5093999999999999,17.0
2026-10-06T02:48:00.000000,1.5093999999999999,1.51,1.5093999999999999,1.5098,12.0
2026-10-06T02:49:00.000000,1.5098,1.5099,1.5085,1.5093999999999999,17.0
2026-10-06T02:50:00.000000,1.5093999999999999,1.51,1.5093999999999999,1.5095,15.0
2026-10-06T02:51:00.000000,1.5095,1.5103,1.5093999999999999,1.5103,8.0
2026-10-06T02:52:00.000000,1.5103,1.5107,1.5101,1.5106000000000002,12.0
2026-10-06T02:53:00.000000,1.5106000000000002,1.5106000000000002,1.5104,1.5105,3.0
2026-10-06T02:54:00.000000,1.5105,1.5112999999999999,1.5105,1.5112999999999999,11.0
2026-10-06T02:55:00.000000,1.5112999999999999,1.5114999999999998,1.5110999999999999,1.5114,9.0
2026-10-06T02:56:00.000000,1.5112999999999999,1.5114,1.5110000000000001,1.5114,10.0
2026-10-06T02:57:00.000000,1.5114,1.5114,1.5098,1.5099,14.0
2026-10-06T02:58:00.000000,1.5099,1.5102,1.5099,1.5102,4.0
2026-10-06T02:59:00.000000,1.5102,1.5102,1.5101,1.5101,2.0
2026-10-06T03:00:00.000000,1.5101,1.5104,1.5101,1.5102,6.0
2026-10-06T03:01:00.000000,1.5102,1.5102,1.5091999999999999,1.5091999999999999,14.0
2026-10-06T03:02:00.000000,1.5091999999999999,1.5093,1.5084,1.5087000000000002,12.0
2026-10-06T03:03:00.000000,1.5087000000000002,1.5089000000000001,1.5079,1.508,17.0
2026-10-06T03:04:00.000000,1.508,1.508,1.5078,1.5078,3.0
2026-10-06T03:05:00.000000,1.5078,1.5082,1.5078,1.5079,6.0
2026-10-06T03:06:00.000000,1.5079,1.5084,1.5079,1.5079,10.0
2026-10-06T03:07:00.000000,1.5079,1.5079,1.5078,1.5078,2.0
2026-10-06T03:08:00.000000,1.5078,1.5084,1.5078,1.5084,7.0
2026-10-06T03:09:00.000000,1.5087000000000002,1.5087000000000002,1.5087000000000002,1.5087000000000002,1.0
2026-10-06T03:10:00.000000,1.5087000000000002,1.5087000000000002,1.5082,1.5083,6.0
2026-10-06T03:11:00.000000,1.5083,1.5093,1.5083,1.5093,6.0
2026-10-06T03:12:00.000000,1.5093,1.5103,1.5091999999999999,1.5103,6.0
2026-10-06T03:13:00.000000,1.5103,1.5103,1.5093999999999999,1.5097,9.0
2026-10-06T03:14:00.000000,1.5097,1.5097,1.5096,1.5097,3.0
2026-10-06T03:15:00.000000,1.5097,1.5097,1.5083,1.5084,28.0
2026-10-06T03:16:00.000000,1.5084,1.5091999999999999,1.5084,1.5086,16.0
2026-10-06T03:17:00.000000,1.5086,1.5086,1.5076,1.5077,17.0
2026-10-06T03:18:00.000000,1.5077,1.5081,1.5076,1.5077,8.0
2026-10-06T03:19:00.000000,1.5077,1.508,1.5070000000000001,1.5070999999999999,13.0
2026-10-06T03:20:00.000000,1.5070999999999999,1.5078,1.5070000000000001,1.5077,16.0
2026-10-06T03:21:00.000000,1.5077,1.5079,1.5069,1.5079,18.0
2026-10-06T03:22:00.000000,1.5079,1.5086,1.5068000000000001,1.5070999999999999,26.0
2026-10-06T03:23:00.000000,1.5070999999999999,1.5072999999999999,1.5070000000000001,1.5072,7.0
2026-10-06T03:24:00.000000,1.5072,1.5072999999999999,1.5067,1.5072999999999999,9.0
2026-10-06T03:25:00.000000,1.5072999999999999,1.5079,1.5072999999999999,1.5079,5.0
2026-10-06T03:26:00.000000,1.5079,1.5083,1.5070999999999999,1.5074999999999998,13.0
2026-10-06T03:27:00.000000,1.5074999999999998,1.5076,1.5070999999999999,1.5072999999999999,9.0
2026-10-06T03:28:00.000000,1.5072999999999999,1.5077,1.5072999999999999,1.5074999999999998,10.0
2026-10-06T03:29:00.000000,1.5074999999999998,1.5078,1.5074999999999998,1.5076,5.0
2026-10-06T03:30:00.000000,1.5076,1.5079,1.5074999999999998,1.5074999999999998,7.0
2026-10-06T03:31:00.000000,1.5074999999999998,1.5078,1.5066000000000002,1.5066000000000002,13.0
2026-10-06T03:32:00.000000,1.5066000000000002,1.5074999999999998,1.5064,1.5074999999999998,9.0
2026-10-06T03:33:00.000000,1.5074999999999998,1.5084,1.5072,1.5072,17.0
2026-10-06T03:34:00.000000,1.5072,1.5072,1.5061,1.5061,9.0
2026-10-06T03:35:00.000000,1.5061,1.5067,1.5058,1.5067,9.0
2026-10-06T03:36:00.000000,1.5067,1.5067,1.5064,1.5067,6.0
2026-10-06T03:37:00.000000,1.5067,1.5076,1.5067,1.5076,7.0
2026-10-06T03:38:00.000000,1.5076,1.508,1.5076,1.5077,13.0
2026-10-06T03:39:00.000000,1.5077,1.5083,1.5077,1.5083,4.0
2026-10-06T03:40:00.000000,1.5083,1.5087000000000002,1.5082,1.5087000000000002,5.0
2026-10-06T03:41:00.000000,1.5087000000000002,1.5097,1.5087000000000002,1.5097,10.0
2026-10-06T03:42:00.000000,1.5097,1.5097,1.5086,1.5086,17.0
2026-10-06T03:43:00.000000,1.5086,1.5086,1.5084,1.5086,5.0
2026-10-06T03:44:00.000000,1.5086,1.5089000000000001,1.5079,1.5079,9.0
2026-10-06T03:45:00.000000,1.5079,1.509,1.5079,1.509,7.0
2026-10-06T03:46:00.000000,1.509,1.5099,1.509,1.5099,10.0
2026-10-06T03:47:00.000000,1.5099,1.5102,1.5095,1.5099,14.0
2026-10-06T03:48:00.000000,1.5099,1.5099,1.5089000000000001,1.5091,14.0
2026-10-06T03:49:00.000000,1.5091,1.5099,1.5091,1.5099,10.0
2026-10-06T03:50:00.000000,1.5099,1.5106000000000002,1.5097,1.5106000000000002,9.0
2026-10-06T03:51:00.000000,1.5106000000000002,1.5110999999999999,1.5106000000000002,1.5110999999999999,10.0
2026-10-06T03:52:00.000000,1.5110999999999999,1.5110999999999999,1.5107,1.5110999999999999,11.0
2026-10-06T03:53:00.000000,1.5110999999999999,1.5116,1.5108000000000001,1.5114,10.0
2026-10-06T03:54:00.000000,1.5114,1.5117,1.5110000000000001,1.5110000000000001,9.0
2026-10-06T03:55:00.000000,1.5110000000000001,1.5110000000000001,1.5098,1.5098,15.0
2026-10-06T03:56:00.000000,1.5098,1.5098,1.5085,1.5087000000000002,15.0
2026-10-06T03:57:00.000000,1.5087000000000002,1.5095,1.5084,1.5095,13.0
2026-10-06T03:58:00.000000,1.5095,1.5098,1.5087000000000002,1.5089000000000001,17.0
2026-10-06T03:59:00.000000,1.5089000000000001,1.5089000000000001,1.5083,1.5083,9.0
2026-10-06T04:00:00.000000,1.5083,1.5096,1.5072999999999999,1.5091999999999999,27.0
2026-10-06T04:01:00.000000,1.5091999999999999,1.5095,1.5091,1.5093999999999999,9.0
2026-10-06T04:02:00.000000,1.5093999999999999,1.5093999999999999,1.5088,1.5091999999999999,11.0
2026-10-06T04:03:00.000000,1.5091999999999999,1.5095,1.5082,1.5082,13.0
2026-10-06T04:04:00.000000,1.5082,1.5082,1.5074,1.5074,17.0
2026-10-06T04:05:00.000000,1.5074,1.5079,1.5074,1.5079,10.0
2026-10-06T04:06:00.000000,1.5079,1.5079,1.5068000000000001,1.5068000000000001,15.0
2026-10-06T04:07:00.000000,1.5068000000000001,1.5068000000000001,1.5064,1.5067,4.0
2026-10-06T04:08:00.000000,1.5067,1.5074,1.506,1.5074,20.0
2026-10-06T04:09:00.000000,1.5074,1.5074,1.5061,1.5061,12.0
2026-10-06T04:10:00.000000,1.5062,1.5072,1.5062,1.5070000000000001,17.0
2026-10-06T04:11:00.000000,1.5070000000000001,1.5072,1.5064,1.5072,9.0
2026-10-06T04:12:00.000000,1.5072,1.5072,1.5069,1.5072,7.0
2026-10-06T04:13:00.000000,1.5072,1.5074,1.5070000000000001,1.5070000000000001,8.0
2026-10-06T04:14:00.000000,1.5070000000000001,1.5070000000000001,1.5062,1.5064,11.0
2026-10-06T04:15:00.000000,1.5064,1.5068000000000001,1.5057,1.5057,13.0
2026-10-06T04:16:00.000000,1.5057,1.5076,1.5057,1.5074999999999998,21.0
2026-10-06T04:17:00.000000,1.5074999999999998,1.5077,1.5069,1.5069,9.0
2026-10-06T04:18:00.000000,1.5069,1.5074999999999998,1.5069,1.5074999999999998,10.0
2026-10-06T04:19:00.000000,1.5074999999999998,1.5078,1.5074,1.5078,4.0
2026-10-06T04:20:00.000000,1.5078,1.5087000000000002,1.5078,1.5087000000000002,4.0
2026-10-06T04:21:00.000000,1.5087000000000002,1.5089000000000001,1.5084,1.5088,15.0
2026-10-06T04:22:00.000000,1.5088,1.5095,1.5088,1.5091999999999999,13.0
2026-10-06T04:23:00.000000,1.5091999999999999,1.5093,1.5088,1.5093,7.0
2026-10-06T04:24:00.000000,1.5093,1.5093,1.5088,1.5088,6.0
2026-10-06T04:25:00.000000,1.5088,1.5091,1.5087000000000002,1.5087000000000002,8.0
2026-10-06T04:26:00.000000,1.5087000000000002,1.5087000000000002,1.5084,1.5084,5.0
2026-10-06T04:27:00.000000,1.5084,1.5088,1.5084,1.5088,4.0
2026-10-06T04:28:00.000000,1.5088,1.5088,1.5083,1.5083,5.0
2026-10-06T04:29:00.000000,1.5083,1.5095,1.5083,1.5095,10.0
2026-10-06T04:30:00.000000,1.5095,1.5116,1.5095,1.5116,24.0
2026-10-06T04:31:00.000000,1.5116,1.5129000000000001,1.5110999999999999,1.5128,28.0
2026-10-06T04:32:00.000000,1.5128,1.5131000000000001,1.5116,1.5118,33.0
2026-10-06T04:33:00.000000,1.5118,1.5126,1.5110999999999999,1.5110999999999999,24.0
2026-10-06T04:34:00.000000,1.5110999999999999,1.5125,1.5108000000000001,1.5123,33.0
2026-10-06T04:35:00.000000,1.5123,1.513,1.5122,1.5129000000000001,25.0
2026-10-06T04:36:00.000000,1.5129000000000001,1.514,1.5129000000000001,1.514,13.0
2026-10-06T04:37:00.000000,1.514,1.514,1.513,1.5133,11.0
2026-10-06T04:38:00.000000,1.5133,1.5133999999999999,1.5129000000000001,1.5133999999999999,8.0
2026-10-06T04:39:00.000000,1.5133999999999999,1.5133999999999999,1.512,1.512,16.0
2026-10-06T04:40:00.000000,1.512,1.5121,1.5112999999999999,1.5114999999999998,21.0
2026-10-06T04:41:00.000000,1.5114999999999998,1.5117,1.5110000000000001,1.5114,14.0
2026-10-06T04:42:00.000000,1.5114,1.5117,1.5110999999999999,1.5112999999999999,13.0
2026-10-06T04:43:00.000000,1.5112999999999999,1.5112999999999999,1.5110999999999999,1.5110999999999999,5.0
2026-10-06T04:44:00.000000,1.5110999999999999,1.5119,1.5110999999999999,1.5117,9.0
2026-10-06T04:45:00.000000,1.5117,1.5117,1.5101,1.5105,20.0
2026-10-06T04:46:00.000000,1.5105,1.5109,1.5096,1.5096,16.0
2026-10-06T04:47:00.000000,1.5096,1.5096,1.508,1.508,18.0
2026-10-06T04:48:00.000000,1.508,1.508,1.5070000000000001,1.5077,16.0
2026-10-06T04:49:00.000000,1.5077,1.5077,1.5068000000000001,1.5070000000000001,20.0
2026-10-06T04:50:00.000000,1.5070000000000001,1.5072999999999999,1.5070000000000001,1.5072999999999999,4.0
2026-10-06T04:51:00.000000,1.5072999999999999,1.5072999999999999,1.5066000000000002,1.5072999999999999,15.0
2026-10-06T04:52:00.000000,1.5072999999999999,1.5077,1.5070000000000001,1.5074,20.0
2026-10-06T04:53:00.000000,1.5074,1.5076,1.5069,1.5074999999999998,17.0
2026-10-06T04:54:00.000000,1.5074999999999998,1.5079,1.5072,1.5072999999999999,14.0
2026-10-06T04:55:00.000000,1.5072999999999999,1.5074,1.5066000000000002,1.5072,15.0
2026-10-06T04:56:00.000000,1.5072,1.5072,1.5063,1.5070000000000001,20.0
2026-10-06T04:57:00.000000,1.5070000000000001,1.5070000000000001,1.5064,1.5067,9.0
2026-10-06T04:58:00.000000,1.5067,1.5085,1.5067,1.5085,14.0
2026-10-06T04:59:00.000000,1.5085,1.5087000000000002,1.5085,1.5087000000000002,3.0
2026-10-06T05:00:00.000000,1.5087000000000002,1.5093,1.5084,1.5084,22.0
2026-10-06T05:01:00.000000,1.5084,1.5091,1.5081,1.5091,24.0
2026-10-06T05:02:00.000000,1.5091,1.5101,1.5091,1.5101,16.0
2026-10-06T05:03:00.000000,1.5101,1.5101,1.5081,1.5086,26.0
2026-10-06T05:04:00.000000,1.5086,1.5086,1.5061,1.5061,20.0
2026-10-06T05:05:00.000000,1.5061,1.5066000000000002,1.5051,1.5051,30.0
2026-10-06T05:06:00.000000,1.5051,1.5067,1.505,1.505,37.0
2026-10-06T05:07:00.000000,1.505,1.5063,1.5046,1.5063,22.0
2026-10-06T05:08:00.000000,1.5063,1.5068000000000001,1.5062,1.5062,15.0
2026-10-06T05:09:00.000000,1.5062,1.5062,1.5053,1.5053999999999998,15.0
2026-10-06T05:10:00.000000,1.5053999999999998,1.5057,1.5036,1.5036,22.0
2026-10-06T05:11:00.000000,1.5036,1.5037,1.5030000000000001,1.5032999999999999,24.0
2026-10-06T05:12:00.000000,1.5032999999999999,1.5034999999999998,1.5029,1.5030000000000001,14.0
2026-10-06T05:13:00.000000,1.5030000000000001,1.504,1.5029,1.5029,24.0
2026-10-06T05:14:00.000000,1.5029,1.5036,1.5026000000000002,1.5026000000000002,21.0
2026-10-06T05:15:00.000000,1.5026000000000002,1.5038,1.5026000000000002,1.5037,28.0
2026-10-06T05:16:00.000000,1.5037,1.5037,1.5027,1.5032999999999999,21.0
2026-10-06T05:17:00.000000,1.5032999999999999,1.5049000000000001,1.5032999999999999,1.5049000000000001,18.0
2026-10-06T05:18:00.000000,1.5049000000000001,1.5051,1.5043,1.5043,19.0
2026-10-06T05:19:00.000000,1.5043,1.5043,1.5038,1.5038,10.0
2026-10-06T05:20:00.000000,1.5038,1.5041,1.5030999999999999,1.5034,15.0
2026-10-06T05:21:00.000000,1.5034,1.5034,1.5023,1.5026000000000002,9.0
2026-10-06T05:22:00.000000,1.5026000000000002,1.5026000000000002,1.5013,1.5015,12.0
2026-10-06T05:23:00.000000,1.5015,1.5024,1.5015,1.5019,15.0
2026-10-06T05:24:00.000000,1.5019,1.5022,1.5019,1.5021,12.0
2026-10-06T05:25:00.000000,1.5021,1.5025,1.5013999999999998,1.5016,13.0
2026-10-06T05:26:00.000000,1.5016,1.5017,1.5013999999999998,1.5017,4.0
2026-10-06T05:27:00.000000,1.5017,1.502,1.5011999999999999,1.5011999999999999,9.0
2026-10-06T05:28:00.000000,1.5011999999999999,1.5018,1.5011999999999999,1.5018,4.0
2026-10-06T05:29:00.000000,1.5018,1.5018,1.5011,1.5017,7.0
2026-10-06T05:30:00.000000,1.5017,1.5017,1.4995,1.4995,17.0
2026-10-06T05:31:00.000000,1.4995,1.4996,1.4990999999999999,1.4990999999999999,19.0
2026-10-06T05:32:00.000000,1.4990999999999999,1.4993,1.4984,1.4986,18.0
2026-10-06T05:33:00.000000,1.4986,1.4993,1.4986,1.4993,13.0
2026-10-06T05:34:00.000000,1.4993,1.4996,1.4983,1.4988000000000001,16.0
2026-10-06T05:35:00.000000,1.4988000000000001,1.4988000000000001,1.4988000000000001,1.4988000000000001,1.0
2026-10-06T05:36:00.000000,1.4988000000000001,1.499,1.4971999999999999,1.4982,23.0
2026-10-06T05:37:00.000000,1.4982,1.4983,1.4973,1.4977,18.0
2026-10-06T05:38:00.000000,1.4977,1.4983,1.4974,1.4982,12.0
2026-10-06T05:39:00.000000,1.4982,1.4982,1.4976,1.4976,7.0
2026-10-06T05:40:00.000000,1.4976,1.4987,1.4973,1.4987,15.0
2026-10-06T05:41:00.000000,1.4987,1.4997,1.4987,1.4997,9.0
2026-10-06T05:42:00.000000,1.4997,1.4997,1.4987,1.4992,14.0
2026-10-06T05:43:00.000000,1.4992,1.4994,1.4986,1.4986,17.0
2026-10-06T05:44:00.000000,1.4986,1.4986,1.498,1.498,10.0
2026-10-06T05:45:00.000000,1.498,1.4983,1.4975,1.4979,17.0
2026-10-06T05:46:00.000000,1.4979,1.4986,1.4979,1.4985,5.0
2026-10-06T05:47:00.000000,1.4985,1.4988000000000001,1.4977,1.4977,9.0
2026-10-06T05:48:00.000000,1.4977,1.4984,1.4977,1.4984,5.0
2026-10-06T05:49:00.000000,1.4984,1.4993,1.4984,1.4988000000000001,10.0
2026-10-06T05:50:00.000000,1.4988000000000001,1.4995,1.4988000000000001,1.4995,4.0
2026-10-06T05:51:00.000000,1.4995,1.4999,1.4993,1.4999,7.0
2026-10-06T05:52:00.000000,1.4999,1.5002,1.4999,1.5002,3.0
2026-10-06T05:53:00.000000,1.5002,1.5026000000000002,1.5002,1.5026000000000002,17.0
2026-10-06T05:54:00.000000,1.5026000000000002,1.5027,1.5017,1.5022,22.0
2026-10-06T05:55:00.000000,1.5022,1.5026000000000002,1.5022,1.5022,8.0
2026-10-06T05:56:00.000000,1.5022,1.5027,1.5009000000000001,1.5011999999999999,25.0
2026-10-06T05:57:00.000000,1.5011999999999999,1.5011999999999999,1.5007000000000001,1.5007000000000001,5.0
2026-10-06T05:58:00.000000,1.5007000000000001,1.5007000000000001,1.4990999999999999,1.4993,16.0
2026-10-06T05:59:00.000000,1.4993,1.4997,1.499,1.4992,12.0
2026-10-06T06:00:00.000000,1.4992,1.4992,1.4982,1.4984,11.0
2026-10-06T06:01:00.000000,1.4984,1.5,1.4982,1.4997,19.0
2026-10-06T06:02:00.000000,1.4997,1.4997,1.4992,1.4995,9.0
2026-10-06T06:03:00.000000,1.4995,1.4995,1.4982,1.4982,14.0
2026-10-06T06:04:00.000000,1.4982,1.4982,1.4966,1.4973,20.0
2026-10-06T06:05:00.000000,1.4971999999999999,1.4985,1.4953,1.4985,38.0
2026-10-06T06:06:00.000000,1.4985,1.499,1.4977,1.4989,21.0
2026-10-06T06:07:00.000000,1.4989,1.4995,1.4984,1.4995,14.0
2026-10-06T06:08:00.000000,1.4995,1.5001,1.4995,1.4997,12.0
2026-10-06T06:09:00.000000,1.4997,1.5004,1.4997,1.4999,8.0
2026-10-06T06:10:00.000000,1.4999,1.5002,1.4999,1.5002,6.0
2026-10-06T06:11:00.000000,1.5002,1.5002,1.4994,1.4994,7.0
2026-10-06T06:12:00.000000,1.4994,1.4994,1.499,1.499,5.0
2026-10-06T06:13:00.000000,1.499,1.4993,1.4984,1.4984,11.0
2026-10-06T06:14:00.000000,1.4984,1.4986,1.4978,1.4978,9.0
2026-10-06T06:15:00.000000,1.4978,1.4978,1.4968,1.4969999999999999,14.0
2026-10-06T06:16:00.000000,1.4969999999999999,1.4969999999999999,1.4961,1.4967,20.0
2026-10-06T06:17:00.000000,1.4967,1.4971,1.4962,1.4962,11.0
2026-10-06T06:18:00.000000,1.4962,1.4969000000000001,1.4961,1.4969000000000001,10.0
2026-10-06T06:19:00.000000,1.4969000000000001,1.4976,1.4965,1.4976,9.0
2026-10-06T06:20:00.000000,1.4976,1.4976,1.4966,1.4969999999999999,11.0
2026-10-06T06:21:00.000000,1.4969999999999999,1.4974,1.4966,1.4966,8.0
2026-10-06T06:22:00.000000,1.4966,1.4971,1.4962,1.4969000000000001,10.0
2026-10-06T06:23:00.000000,1.4969000000000001,1.4969000000000001,1.4965,1.4965,3.0
2026-10-06T06:24:00.000000,1.4965,1.4965,1.4962,1.4962,4.0
2026-10-06T06:25:00.000000,1.4962,1.4967,1.4961,1.4966,8.0
2026-10-06T06:26:00.000000,1.4966,1.4966,1.4963,1.4966,5.0
2026-10-06T06:27:00.000000,1.4966,1.4966,1.4963,1.4963,3.0
2026-10-06T06:28:00.000000,1.4963,1.4964,1.4963,1.4964,2.0
2026-10-06T06:29:00.000000,1.4964,1.4969000000000001,1.4964,1.4968,4.0
2026-10-06T06:30:00.000000,1.4968,1.4975,1.4968,1.4969000000000001,14.0
2026-10-06T06:31:00.000000,1.4969000000000001,1.4969000000000001,1.4964,1.4966,7.0
2026-10-06T06:32:00.000000,1.4966,1.4978,1.4966,1.4978,10.0
2026-10-06T06:33:00.000000,1.4978,1.4979,1.4976,1.4977,5.0
2026-10-06T06:34:00.000000,1.4977,1.4979,1.4975,1.4979,7.0
2026-10-06T06:35:00.000000,1.4979,1.4979,1.4969000000000001,1.4979,15.0
2026-10-06T06:36:00.000000,1.4979,1.4984,1.4979,1.498,7.0
2026-10-06T06:37:00.000000,1.498,1.498,1.4973,1.4973,7.0
2026-10-06T06:38:00.000000,1.4973,1.4974,1.4973,1.4974,2.0
2026-10-06T06:39:00.000000,1.4974,1.498,1.4973,1.4979,6.0
2026-10-06T06:40:00.000000,1.4979,1.4979,1.4974,1.4976,6.0
2026-10-06T06:41:00.000000,1.4976,1.4979,1.4973,1.4973,7.0
2026-10-06T06:42:00.000000,1.4973,1.498,1.4973,1.498,4.0
2026-10-06T06:43:00.000000,1.498,1.498,1.4975,1.4975,4.0
2026-10-06T06:44:00.000000,1.4975,1.4975,1.4975,1.4975,1.0
2026-10-06T06:45:00.000000,1.4975,1.4981,1.4971999999999999,1.4981,9.0
2026-10-06T06:46:00.000000,1.4981,1.4987,1.4981,1.4987,4.0
2026-10-06T06:47:00.000000,1.4987,1.4998,1.4987,1.499,11.0
2026-10-06T06:48:00.000000,1.499,1.4993,1.4984,1.4984,15.0
2026-10-06T06:49:00.000000,1.4984,1.4989,1.4984,1.4985,6.0
2026-10-06T06:50:00.000000,1.4985,1.4986,1.498,1.498,8.0
2026-10-06T06:51:00.000000,1.498,1.4984,1.498,1.4984,3.0
2026-10-06T06:52:00.000000,1.4984,1.4987,1.4979,1.4979,8.0
2026-10-06T06:53:00.000000,1.4979,1.4987,1.4979,1.4987,7.0
2026-10-06T06:54:00.000000,1.4987,1.4987,1.4979,1.4979,7.0
2026-10-06T06:55:00.000000,1.4979,1.4987,1.4977,1.4984,9.0
2026-10-06T06:56:00.000000,1.4984,1.4984,1.4976,1.4976,8.0
2026-10-06T06:57:00.000000,1.4976,1.4976,1.4971999999999999,1.4973,5.0
2026-10-06T06:58:00.000000,1.4973,1.4973,1.4968,1.4968,7.0
2026-10-06T06:59:00.000000,1.4968,1.4968,1.4968,1.4968,1.0
2026-10-06T07:00:00.000000,1.4968,1.4968,1.4946,1.4957,38.0
2026-10-06T07:01:00.000000,1.4957,1.4963,1.4954,1.4961,12.0
2026-10-06T07:02:00.000000,1.4961,1.4961,1.4948000000000001,1.4949,17.0
2026-10-06T07:03:00.000000,1.4949,1.4949,1.4939,1.4945,19.0
2026-10-06T07:04:00.000000,1.4945,1.4952,1.4943,1.4949,11.0
2026-10-06T07:05:00.000000,1.4949,1.4954,1.4944,1.4954,12.0
2026-10-06T07:06:00.000000,1.4954,1.4961,1.495,1.495,16.0
2026-10-06T07:07:00.000000,1.495,1.4957,1.4946,1.4957,12.0
2026-10-06T07:08:00.000000,1.4957,1.4957,1.4945,1.4945,11.0
2026-10-06T07:09:00.000000,1.4945,1.4946,1.4942,1.4942,8.0
2026-10-06T07:10:00.000000,1.4942,1.4944,1.4937,1.4944,8.0
2026-10-06T07:11:00.000000,1.4944,1.4952,1.4944,1.495,8.0
2026-10-06T07:12:00.000000,1.4953,1.4957,1.4953,1.4957,5.0
2026-10-06T07:13:00.000000,1.4957,1.4965,1.4957,1.4965,4.0
2026-10-06T07:14:00.000000,1.4965,1.4971999999999999,1.4965,1.4968,7.0
2026-10-06T07:15:00.000000,1.4968,1.4969999999999999,1.4963,1.4969999999999999,6.0
2026-10-06T07:16:00.000000,1.4969999999999999,1.4977,1.4969999999999999,1.4975,5.0
2026-10-06T07:17:00.000000,1.4975,1.4975,1.4975,1.4975,1.0
2026-10-06T07:18:00.000000,1.4975,1.4978,1.4975,1.4978,2.0
2026-10-06T07:19:00.000000,1.4978,1.4983,1.4978,1.4983,3.0
2026-10-06T07:20:00.000000,1.4983,1.4989,1.4979,1.4979,11.0
2026-10-06T07:21:00.000000,1.4979,1.4985,1.4979,1.4982,5.0
2026-10-06T07:22:00.000000,1.4982,1.4982,1.4975,1.4975,7.0
2026-10-06T07:23:00.000000,1.4975,1.4983,1.4975,1.4983,10.0
2026-10-06T07:24:00.000000,1.4983,1.4985,1.4982,1.4985,5.0
2026-10-06T07:25:00.000000,1.4985,1.4985,1.4983,1.4983,2.0
2026-10-06T07:26:00.000000,1.4983,1.4985,1.4981,1.4981,6.0
2026-10-06T07:27:00.000000,1.4981,1.4981,1.4978,1.4978,3.0
2026-10-06T07:28:00.000000,1.4978,1.4978,1.4978,1.4978,1.0
2026-10-06T07:29:00.000000,1.4978,1.4981,1.4977,1.4981,5.0
2026-10-06T07:30:00.000000,1.4981,1.4986,1.4981,1.4986,5.0
2026-10-06T07:31:00.000000,1.4986,1.4988000000000001,1.4986,1.4988000000000001,3.0
2026-10-06T07:32:00.000000,1.4988000000000001,1.4990999999999999,1.4983,1.4990999999999999,6.0
2026-10-06T07:33:00.000000,1.4990999999999999,1.4990999999999999,1.4986,1.4986,4.0
2026-10-06T07:34:00.000000,1.4986,1.4990999999999999,1.4986,1.4990999999999999,4.0
2026-10-06T07:35:00.000000,1.4990999999999999,1.4995,1.4990999999999999,1.4995,3.0
2026-10-06T07:36:00.000000,1.4995,1.5001,1.4995,1.4999,4.0
2026-10-06T07:37:00.000000,1.4999,1.5013,1.4999,1.5013,7.0
2026-10-06T07:38:00.000000,1.5013,1.5015,1.4999,1.4999,14.0
2026-10-06T07:39:00.000000,1.4999,1.5003,1.4996,1.5001,6.0
2026-10-06T07:40:00.000000,1.5001,1.5001,1.5001,1.5001,1.0
